CP_ID;Product_type;Product_name;Markets;Serving_size;Energy.kcal;Proteins.g;Carbohydrates.g;Sugars.g;Add_sugars.g;Fat.g;Saturated_fat.g;Trans_fat.g;Cholesterol.mg;Fibre.g;Sodium.mg;Total_whole;Vitamin_D.mcg;Vitamin_C.mg;Vitamin_B1.mg;Vitamin_B2.mg;Vitamin_B3.mg;Vitamin_B6.mg;Vitamin_B9.mcg;Vitamin_B5.mg;Vitamin_B12.mcg;Vitamin_B8.mg;Vitamin_A.mg;Vitamin_E.mg;Calcium.mg;Iron.mg;Zinc.mg;Phosphorus.mg;Selenium.mg;Magnesium.mg;Region;volume
CP_1;BAR;NESQUIK;Nestlé Pro Italy,France,Romania,Portugal,Turkey,Poland,Spain,United Kingdom,Mexico,Hungary,Russian Fed.,Czech Republic,Baltics & Balkans & Exports,Belgium,Saudi Arabia,Ukraine,Utd.Arab Emir.,Slovakia,Kuwait,Denmark,Israel,Sweden,Bulgaria,Russia others,Kazakhstan,Russia exports (Georgia, Armenia, Belarus, Uzbekistan),Finland,Jordan,Lebanon,Qatar,Oman,Switzerland,Bahrain;25;407;7;60,7;29,5;29,5;12,9;7,4;0,27;0;4,9;195;22;5;0;0;1;12,7;1;195;5,1;0;0;0;0;1375;13,3;0;0;0;0;UKA,LATAM,EUR,AMA;2612,530594
CP_2;BAR;CHOCAPIC;France,Indonesia,Portugal,Chile,Malaysia,Thailand,Romania,Philippines,Hungary,Poland,Hong Kong,Taiwan,Czech Republic,Spain,Saudi Arabia,Vietnam,Singapore,Colombia,France,Slovakia,Kuwait,Baltics & Balkans & Exports,Nestlé Pro Italy,Utd.Arab Emir.,Bulgaria,Lebanon;25;408;7,6;57,8;28,1;28,1;13,7;8,1;0,1;0;4,6;158;19,6;0;0;0;1,12;11,1;0,96;135;4,08;0;0;0;0;1113;8,5;0;0;0;0;LATAM,EUR,AMA;2065,434111
CP_3;BAR;CINI MINIS;Germany,Poland,Russian Fed.,Hungary,Czech Republic,Romania,Ukraine,Austria,Baltics & Balkans & Exports,Slovakia,Russia exports (Georgia, Armenia, Belarus, Uzbekistan),Israel,Kazakhstan,Finland,Switzerland,Bulgaria,Denmark;25;410;6,9;61,2;27,6;27,6;13,2;7,5;0,12;0;4;288;21,5;0;0;0;1,36;13,1;1,12;200;4,71;0;0;0;0;1231;0;0;0;0;0;EUR;707,5049074
CP_4;BAR;GOLDEN GRAHAMS;France,Portugal,Germany,Spain,Germany,Israel;25;408;6,7;61,9;29,9;29,9;12,8;7,4;0,11;0;3,7;243;19,8;0;0;0;2,23;19,3;2,16;245;7,4;0;0;0;0;1259;0;0;0;0;0;EUR;443,8051712
CP_5;BAR;FITNESS Milk Chocolate;Turkey,Cyprus;23,5;372;5,9;62,9;23,7;23,7;7;4,1;0;0;9,8;336;28;0;0;0;1,33;13,9;1,29;168;5,35;0;0;0;0;664;10,4;0;0;0;0;AMA,EUR;203,4878831
CP_6;BAR;FITNESS Natural;Russian Fed.,Ukraine,Kazakhstan,Russia exports (Georgia, Armenia, Belarus, Uzbekistan),Russia others,Portugal;23,5;385;6,1;68,6;20,8;20,8;7,3;3,3;0;0;4,6;335;36,2;0;0;0;1,4;15,7;1,34;193;6,23;0;0;0;0;749;12;0;0;0;0;EUR;171,7083387
CP_7;BAR;FITNESS Strawberry;Indonesia,Russian Fed.,Turkey,Romania,Saudi Arabia,Philippines,Nestlé Pro Italy,Portugal,Kazakhstan,Poland,Ukraine,Utd.Arab Emir.,Hungary,South Africa,Hong Kong,Kuwait,Russia others,Russia exports (Georgia, Armenia, Belarus, Uzbekistan),Baltics & Balkans & Exports,Vietnam,Lebanon,Malaysia,Slovakia,Qatar,Jordan,Thailand,Singapore,Oman,Bulgaria,Bahrain,Russia Professionals,Czech Republic,Greece;23,5;384;5,9;68,3;22,5;22,5;7,3;3,3;0,06;0;4,8;325;33,8;0;0;0;1,19;12;1,05;152;4,66;0;0;0;0;804;10,8;0;0;0;0;AMA,EUR;838,5471006
CP_8;BAR;FITNESS Chocolate;Indonesia,Russian Fed.,Italy & Malta,Greece,Portugal,Spain,France,Ukraine,Israel,Saudi Arabia,Finland,Philippines,Belgium,Kazakhstan,Utd.Arab Emir.,Baltics & Balkans & Exports,Hong Kong,South Africa,Kuwait,Russia others,Bulgaria,Poland,Russia exports (Georgia, Armenia, Belarus, Uzbekistan),Mexico,Lebanon,Chile,Vietnam,Colombia,Thailand,Malaysia,Cyprus,Qatar,Jordan,Oman,Singapore,Bahrain,Russia Professionals,Nestlé Pro Italy;23,5;383;6,2;67,6;27,3;27,3;7,4;3,9;0,1;0;6,5;287;47,4;0;0;0;1,24;15,3;1,14;161;4,95;0;0;0;0;794;12,9;0;0;0;0;LATAM,AMA,EUR;1714,28763
CP_9;RTE;CHOCAPIC;Spain,Portugal;30;386;8,1;74,6;28,8;28,8;4,5;1,3;0,02;0;7,4;130;31,9;3;0;0,93;1,27;13,8;1,26;176;5,23;0;0;0;0;479;11,7;0;0;0;0;EUR;5192,369325
CP_10;RTE;ESTREL(L)ITAS;Portugal,Spain;30;399;7,4;78,1;24,7;24,7;5,4;0,6;0,02;0;4,4;140;41,7;3;0;0,97;1,24;14;1,24;180;5,15;0;0;0;0;457;8,34;0;0;0;0;EUR;1444,758765
CP_11;RTE;CHEERIOS Honey;United Kingdom,Ireland;30;378;8,7;73,5;22,4;22,4;3,6;0,7;0,01;0;8,4;326;77,2;2,54;54,7;0;0,89;11,1;0,92;180;3,26;0;0;0;0;502;9,96;0;0;0;0;UKA;2846,199047
CP_12;RTE;CHEERIOS Multigrain;United Kingdom,Ireland,Israel,Germany,Portugal,Saudi Arabia,Utd.Arab Emir.,Switzerland,Austria,Lebanon,Denmark,Denmark,Finland,Greece;30;380;9,4;71,6;18;18;4,2;0,9;0,01;0;8,9;336;81,3;2,5;40;0;0,94;11,7;0,96;190;3,44;0;0;0;0;525;12,5;0;0;0;0;UKA,AMA,EUR;10177,51804
CP_13;RTE;CHEERIOS Multigrain;Sweden,Denmark,Norway,Finland,Finland;30;383;9;74,4;20,9;20,9;3,7;0,9;0;0;7,9;374;79,1;0;0;0;0;0;0;0;0;0;0;0;0;0;0;0;0;0;0;EUR;1490,031317
CP_14;RTE;CHEERIOS Oat;Norway,Sweden,Denmark,Finland;30;394;10,6;69,6;9,3;9,3;6,4;1,3;0;0;8;350;92,8;0;0;0;0;0;0;0;0;0;0;0;0;0;0;0;0;0;0;EUR;628,8830865
CP_15;RTE;SHREDDED WHEAT Bitesize;United Kingdom,United Kingdom,United Kingdom,Ireland,Cyprus;40;367;11,8;68,7;0,7;0,7;2,2;0,5;0;0;12,5;21;100;0;0;0;0;0;0;0;0;0;0;0;0;0;0;0;0;0;0;UKA,EUR;3803,788717
CP_16;RTE;SHREDDIES;Malta,United Kingdom,Ireland,Austria,Germany;40;364;10,5;70,6;14,9;14,9;1,7;0,3;0;0;12,1;283;94,4;0;0;0;0,75;10,7;0,97;118;3,76;0;0;0;0;0;7,48;0;0;0;0;UKA,EUR;9523,550058
CP_17;RTE;SHREDDIES Coco;United Kingdom,Ireland;40;369;9;73,6;28,4;28,4;1,9;0,6;0;0;10,5;228;75,8;0;0;0;0,63;8,82;0,78;112;3,05;0;0;0;0;0;6,9;0;0;0;0;UKA;2182,01304
CP_18;RTE;SHREDDIES Frosted;Malta,United Kingdom,Ireland;40;368;9;74,5;27;27;1,5;0,2;0;0;10,3;241;80,5;0;0;0;0,7;9,08;0,83;119;3,2;0;0;0;0;0;6,42;0;0;0;0;EUR,UKA;2596,93412
CP_19;RTE;CHEERIOS Honey;Poland,Romania,Hungary,Turkey,Baltics & Balkans & Exports,Czech Republic,Slovakia,Bulgaria;30;376;8,4;75;24,9;24,9;2,9;0,6;0;0;7,9;308;74,3;2,62;49,6;0;1,11;14,5;1,16;183;4,44;0;0;0;0;506;12,3;0;0;0;0;AMA,EUR;2313,570627
CP_20;RTE;COOKIE CRISP;Poland,Germany,Romania,Baltics & Balkans & Exports,Hungary,Austria,Slovakia,Czech Republic,Bulgaria,Switzerland;30;383;7,2;78,3;24,9;24,9;3,4;1,2;0,02;0;5,3;309;34,2;3;0;0;1,22;13,8;1,24;200;5,16;0;0;0;0;625;8,27;0;0;0;0;EUR;3459,224588
CP_21;RTE;CHOCAPIC;Poland,Romania,Hungary,Czech Republic,Slovakia,Baltics & Balkans & Exports,Bulgaria,Israel,Nestlé Pro Italy;30;388;8,1;75,1;28,9;28,9;4,5;1,8;0,02;0;6,8;101;31,7;3;0;0,88;1,2;13,3;1,18;163;4,94;0;0;0;0;488;11;0;0;0;0;EUR;3133,137809
CP_22;RTE;CINI MINIS;United Kingdom,Germany,Poland,Russian Fed.,Romania,Israel,Czech Republic,Baltics & Balkans & Exports,Hungary,Austria,France,Slovakia,Ukraine,Switzerland,Portugal,Russia exports (Georgia, Armenia, Belarus, Uzbekistan),Finland,Kazakhstan,Ireland,Bulgaria;30;411;5,4;74,6;24,8;24,8;10,1;1,1;0,09;0;4,4;388;32,5;3;0;0,97;1,28;14,2;1,28;172;5,14;0;0;0;0;564;7,43;0;0;0;0;UKA,EUR;12856,09694
CP_23;RTE;FRUTINA;Poland;30;343;8,2;67,6;32,9;32,9;1,9;0,5;0;0;11,5;421;53,7;0;0;0;1,4;15;1,47;168;5,04;0;0;0;0;454;11,2;0;0;0;0;EUR;172,6535175
CP_24;RTE;MILO DUO;Australia,New Zealand;30;382;8,1;73,5;27,7;27,7;4,5;1,1;0,06;0;7,4;98;49,8;8,3;33;1,83;1,42;8,3;1,33;200;0;0;0;0;3,3;667;10;6;0;0;0;UKA;639,7896809
CP_25;RTE;KANGUS;Poland;30;371;9,1;73,8;27,6;27,6;1,9;0,7;0,01;0;11,1;4;0;0;0;0;0,88;10,6;0,99;130;3,45;0;0;0;0;478;0;0;0;0;0;EUR;230,413015
CP_26;RTE;NESQUIK;Poland,Germany,Romania,Ukraine,Czech Republic,Hungary,Baltics & Balkans & Exports,Slovakia,Israel,Austria,Switzerland,Nestlé Pro Italy;30;369;8,4;75,8;24,9;24,9;1,7;0,6;0;0;8,7;177;51,4;2,5;0;1;1,3;14,9;1,35;185;5,5;0;0;0;0;474;10,4;0;0;0;0;EUR;5760,368112
CP_27;RTE;Corn Flakes;Palestine,Saudi Arabia,Nestrade,Palestinian Aut;30;381;8,2;79,7;9,5;9,5;2,4;0,5;0;0;4,3;426;30;0;0;0;1,32;14,7;1,35;210;4,7;0;0;0;0;528;14;0;0;0;0;EUR,AMA;3983,670718
CP_28;RTE;CHOCAPIC;Tunisia,Palestine,Libya,France,Utd.Arab Emir.,Saudi Arabia,Italy & Malta,Kuwait,Greece,Iran,Oman,Belgium,Qatar,Egypt,Lebanon,Nestrade,Jordan,Bahrain,Algeria,French Polynesia,Morocco,Spain,New Caledonia,Palestinian Aut,Iraq,Cyprus,Cyprus;30;386;8,1;74,6;28,8;28,8;4,5;1,3;0,02;0;7,4;130;31,9;3;0;0,93;1,27;13,8;1,26;176;5,23;0;0;0;0;479;11,7;0;0;0;0;AMA,EUR;6516,650365
CP_29;RTE;COOKIE CRISP;United Kingdom,France,Ireland,Greece,Italy & Malta,Portugal,Belgium,Saudi Arabia,Utd.Arab Emir.,Kuwait,Cyprus,Lebanon,Qatar,Jordan,Bahrain,French Polynesia;30;381;6,7;78,1;24,9;24,9;3,3;0,7;0,02;0;6;314;35;2,65;0;0;1,08;12,2;1,1;151;4,53;0;0;0;0;732;7,59;0;0;0;0;UKA,EUR,AMA;5728,285276
CP_30;RTE;CRUNCH;Netherlands,Tunisia,Libya,France,Israel,Portugal,Greece,Spain,Belgium,Nestrade,Morocco,Algeria,French Polynesia,New Caledonia,Cyprus;30;403;7,4;72,7;24,9;24,9;7,6;2;0,04;0;7,2;17;31,5;2,73;0;0,9;1,21;12,9;1,17;156;4,68;0;0;0;0;578;8,88;0;0;0;0;AMA,EUR;3574,64272
CP_31;RTE;GOLDEN GRAHAMS;France,United Kingdom,Portugal,Spain,Belgium,Germany,Israel,Baltics & Balkans & Exports,France,Hungary,Czech Republic,Austria,Switzerland;30;385;7;79,7;24,8;24,8;3,2;0,4;0,02;0;4,7;390;36,3;0;0;0;1,09;12,5;1,04;125;4,48;0;0;0;0;540;9;0;0;0;0;UKA,EUR;2287,680787
CP_32;RTE;GOLD;Russian Fed.,Kazakhstan,Russia exports (Georgia, Armenia, Belarus, Uzbekistan),Azerbaidjan;30;372;7,5;83,3;6,9;6,9;1;0,2;0;0;2;756;0;0;0;0;1,52;15,5;1,61;200;5,81;0;0;0;0;658;9,6;0;0;0;0;EUR;163,0243098
CP_33;RTE;KHRUTKA Corn Flakes;Russian Fed.,Kazakhstan,Russia exports (Georgia, Armenia, Belarus, Uzbekistan),Azerbaidjan,Russia Professionals;30;376;6,5;85,2;19,4;19,4;1,1;0,2;0;0;1,8;650;0;0;0;0;0;0;0;0;0;0;0;0;0;566;0;0;0;0;0;EUR;3556,897218
CP_34;RTE;KHRUTKA Pillows Chocolate;Russian Fed.,Kazakhstan,Azerbaidjan,Russia exports (Georgia, Armenia, Belarus, Uzbekistan);30;442;5,2;69,3;33,3;33,3;16;1,7;0;0;3,6;153;21,3;0;0;0;0;0;0;0;0;0;0;0;0;604;0;0;0;0;0;EUR;139,6495
CP_35;RTE;KHRUTKA Pillows Milk;Russian Fed.,Kazakhstan,Russia exports (Georgia, Armenia, Belarus, Uzbekistan);30;443;5,5;70,2;34,5;34,5;15,5;1,4;0;0;2,9;161;21,3;0;0;0;0;0;0;0;0;0;0;0;0;628;0;0;0;0;0;EUR;146,081396
CP_36;RTE;KOSMOSTARS;Russian Fed.,Kazakhstan,Russia exports (Georgia, Armenia, Belarus, Uzbekistan),Azerbaidjan;30;376;7,5;75,6;24,8;24,8;4,8;0,8;0,02;0;6,7;175;80,6;3;0;1,03;1,29;1,29;1,21;170;5,11;0;0;0;0;687;8,29;0;0;0;0;EUR;2570,259814
CP_37;RTE;NESQUIK;Russian Fed.,Kazakhstan,Russia exports (Georgia, Armenia, Belarus, Uzbekistan),Azerbaidjan,Russia Professionals;30;358;8,6;72,9;27,5;27,5;3,6;1;0,01;0;9;227;73,1;3,44;0;1,09;1,38;15,4;1,39;191;5,69;0;0;0;0;616;10,5;0;0;0;0;EUR;10886,993
CP_38;RTE;SNOW FLAKES;Russian Fed.,Kazakhstan,Russia exports (Georgia, Armenia, Belarus, Uzbekistan);30;377;5,4;87,1;32,4;32,4;0,7;0,1;0;0;1,5;542;0;0;0;0;1,5;15,2;1,58;200;5,7;0;0;0;0;563;9;0;0;0;0;EUR;143,8555488
CP_39;RTE;CHOKELLA;France,Germany,Greece,Austria,Cyprus,French Polynesia;30;411;6,5;72,2;28,8;28,8;9,3;0,9;0,1;0;6,2;312;31,8;3;0;1;1,3;14,4;1,3;181;5,4;0;0;0;0;493;8,3;0;0;0;0;EUR,AMA;1398,203582
CP_40;RTE;CLUSTERS Almond;Germany,Portugal,Greece,France,Austria,Belgium,Cyprus;30;393;10,3;67,1;19,9;19,9;7,3;1,4;0;0;9;411;63,3;0;0;0;1,19;13,9;1,08;174;4,08;0;0;0;0;524;11,7;0;0;0;0;EUR;1169,208645
CP_41;RTE;CLUSTERS Chocolate;Germany,Greece,Portugal,France,Austria;30;388;8,5;71,2;28,4;28,4;5,7;2,6;0,03;0;8,7;373;59,2;0;0;0;1,08;12,8;1,01;161;3,91;0;0;0;0;496;11,8;0;0;0;0;EUR;741,9681569
CP_42;RTE;FITNESS;Netherlands,Tunisia,Palestine,Libya,Italy & Malta,Portugal,Greece,France,Spain,Saudi Arabia,Baltics & Balkans & Exports,Germany,Utd.Arab Emir.,Kuwait,Belgium,Lebanon,Israel,Iran,Hungary,Austria,Cyprus,Czech Republic,Qatar,Nestrade,Switzerland,Egypt,Bahrain,Jordan,Oman,Morocco,Iraq,Iceland,Mauritius,Nestlé Pro Italy,Bulgaria,Palestinian Aut,French Polynesia,New Caledonia,Angola;30;368;9,4;74,9;10,8;10,8;1,8;0,6;0;0;7,4;379;57,9;0;0;0;1,25;12,8;1,14;153;5,18;0;0;0;0;673;12,8;0;0;0;0;EUR,AMA;8482,408659
CP_43;RTE;FITNESS;Norway,Finland,Sweden,Denmark;30;369;9,5;73,2;8,8;8,8;1,8;0,6;0;0;10,7;287;59,2;0;0;0;0;0;0;0;0;0;0;0;0;0;0;0;0;0;0;EUR;413,3650948
CP_44;RTE;FITNESS Chocolat Noir;France,Greece,Spain,Italy & Malta,Israel,Belgium,Portugal,Baltics & Balkans & Exports,Cyprus;30;400;8,9;68,7;16,7;16,7;8,2;4,5;0,1;0;7,9;302;45,9;0;0;0;1,04;10,3;0,97;127;4,15;0;0;0;0;544;12,3;0;0;0;0;EUR;2830,225244
CP_45;RTE;FITNESS Chocolate;Netherlands,Tunisia,France,Spain,Italy & Malta,Greece,Israel,Portugal,Germany,Saudi Arabia,Belgium,Lebanon,Hungary,Turkey,Czech Republic,Baltics & Balkans & Exports,Nestrade,Utd.Arab Emir.,Bulgaria,Kuwait,Algeria,Morocco,Cyprus,Jordan,Qatar,Austria,Bahrain,Switzerland,New Caledonia;30;399;8,5;70,7;20;20;7,5;4,3;0,04;0;7;318;45,9;0;0;0;1,04;10,2;0,91;121;4,24;0;0;0;0;566;11;0;0;0;0;EUR,AMA;4740,786085
CP_46;RTE;FITNESS Honey Almonds;Israel,France,Greece,Saudi Arabia,Utd.Arab Emir.,Iran,Lebanon,Kuwait,Baltics & Balkans & Exports,Qatar,Bulgaria,Portugal,Jordan,Belgium,Cyprus,Bahrain,Oman,French Polynesia,New Caledonia;30;385;9;73,3;19,9;19,9;4,7;0,8;0,06;0;6,9;316;48,1;0;0;0;1,07;10,9;0,96;129;4,33;0;0;0;0;579;11;0;0;0;0;EUR,AMA;1105,885642
CP_47;RTE;FITNESS & Yoghurt;Finland,Germany,Israel,Hungary,Switzerland,Czech Republic,Austria,Baltics & Balkans & Exports,Malta;40;394;8,6;72,2;18;18;6,3;4,8;0,03;0;6,7;341;49,4;0;0;0;1,11;11,2;1;130;4,44;0;0;0;0;580;11;0;0;0;0;EUR;490,1169404
CP_48;RTE;OAT CRISP Almond;United Kingdom,Ireland,Malta;40;404;10,5;67,3;24,6;24,6;8,8;1,3;0,01;0;7;265;65,7;0;0;0;0,82;8,5;0,61;136;3,17;0;0;0;0;439;9,49;0;0;0;0;UKA,EUR;507,1329756
CP_49;RTE;OAT CRISP Raisin;United Kingdom,Ireland,Malta;40;373;8,4;69,1;29,1;29,1;4,8;0,9;0;0;8,1;262;58,6;0;0;0;0,72;7,77;0,69;125;2,7;0;0;0;0;385;9,2;0;0;0;0;UKA,EUR;176,5138828
CP_50;RTE;FITNESS & Fruit;Palestine,Libya,Greece,Italy & Malta,France,Saudi Arabia,Israel,Baltics & Balkans & Exports,Hungary,Portugal,Utd.Arab Emir.,Lebanon,Germany,Spain,Egypt,Bulgaria,Cyprus,Czech Republic,Finland,Kuwait,Qatar,Jordan,Sweden,Nestrade,Palestinian Aut,Oman,Bahrain,Switzerland,New Caledonia;40;363;7,4;73,8;24,7;24,7;2,7;1,7;0;0;6,9;287;42,5;0;0;0;0,93;9,54;0,87;114;3,84;0;0;0;0;504;9,78;0;0;0;0;EUR,AMA;1595,183758
CP_51;RTE;CHEERIOS Multigrain;Australia,New Zealand;30;381;7;76,2;14,6;14,6;3,8;0,6;0;0;7,3;264;66,7;0;33,3;1,83;1,43;8,3;1,33;200;0;0;0;0;3,3;667;10;6;0;0;0;UKA;777,2743685
CP_52;RTE;MILO;Australia,New Zealand;30;381;9;71,5;26,9;26,9;4,8;1,3;0,07;0;7,9;112;50;8,3;33;1,83;1,42;8,3;1,33;200;0;0;0;0;3,3;530;10;6;0;0;0;UKA;2985,349729
CP_53;RTE;NESQUIK;Australia,New Zealand;30;380;7,8;74,4;29,9;29,9;3,8;0,9;0,01;0;8,2;247;54,6;0;33,3;1,8;1,4;8,5;1,3;200;0;0;0;0;0;520;10;6;0;0;0;UKA;651,2848854
CP_54;RTE;PLUS ANTIOXIDANT lift;China,Australia,New Zealand,Nestrade;40;352;7,3;70,4;21,2;21,2;1,6;0,4;0;0;11,2;205;47,3;0;25;1,38;1,05;6,3;1;250;0;0;0;0;6,3;200;6;4,5;0;0;0;AMA,UKA,EUR;2053,785537
CP_55;RTE;OATBRITS;China,Australia;41,7;372;11,8;62,6;0,8;0,8;5,9;1,1;0;0;11,4;253;104,4;0;0;0;0;0;0;0;0;0;0;0;0;0;0;0;0;0;0;AMA,UKA;238,031982
CP_56;RTE;STRAWBERRY MINIS;Poland,Romania,Germany,Hungary,Czech Republic,Slovakia,Ukraine;30;420;5,6;74,4;24,7;24,7;10,2;1,1;0,09;0;4,4;399;33,4;3;0;0,99;1,31;14,6;1,31;177;5,28;0;0;0;0;561;7,6;0;0;0;0;EUR;1012,835537
CP_57;RTE;Bran Plus;Australia;45;321;12,9;39,3;12,1;12,1;5,3;0,9;0;0;34,1;388;19;0;0;0;0,96;5,6;0,9;111;0;0;0;0;0;444;6,7;4;0;0;0;UKA;70,67411663
CP_58;RTE;CHEERIOS Honey Nut;Libya,Palestine,Italy & Malta,France,Greece,United Kingdom,Spain,Utd.Arab Emir.,Saudi Arabia,Portugal,Kuwait,Qatar,Cyprus,Jordan,Lebanon,Morocco,Bahrain,Oman,Nestrade,Ireland,Palestinian Aut,Iraq;30;377;8,5;75;24,1;24,1;3,2;0,6;0;0;7,4;426;74,3;3;65;0;1,17;14,1;1,15;196;4,33;0;0;0;0;464;13;0;0;0;0;EUR,UKA,AMA;2544,936524
CP_59;RTE;CHEERIOS Honey;Sweden,Denmark,Finland;30;382;8,5;75,6;24;24;3,4;0,6;0;0;7,6;376;76;0;0;0;0;0;0;0;0;0;0;0;0;0;0;0;0;0;0;EUR;182,7854425
CP_60;RTE;SHREDDED WHEAT;United Kingdom,Australia,Ireland;45;360;12,2;66,7;0,7;0,7;2,2;0,5;0;0;12,2;21;111,2;0;0;0;0;0;0;0;0;0;0;0;0;0;0;0;0;0;0;UKA;6035,972558
CP_61;RTE;CHOCAPIC;Ecuador,Bolivia,Colombia,Chile,Peru,Argentina;30;373;8,4;74,6;29,1;29,1;4,6;1,7;0;0;6,8;302;44;0;0;0;0,81;9,6;1,05;121;4,93;0;0;0;0;574;9,6;7,3;0;0;0;LATAM;1696,323787
CP_62;RTE;Corn Flakes;Chile,Ecuador,Peru,Chile,Bolivia;30;371;6,6;80,8;10,9;10,9;2,4;0,4;0;0;4,7;585;33,8;0;49;0;1,4;15;1,7;170;5,1;0;0;0;0;522;10,3;7,5;0;0;0;LATAM;694,889523
CP_63;RTE;CHEERIOS Multigrain;Chile,Ecuador,Bolivia,Peru;30;377;7,2;78,6;20,5;20,5;3,7;1,1;0,01;0;5,2;430;42,4;0;0;1;1,1;13,2;1,41;167;7,07;0;0;0;0;532;10,2;9;0;0;0;LATAM;262,1636544
CP_64;RTE;TRIX;Chile,Argentina,Ecuador,Israel,Colombia,Uruguay,Peru,Bolivia,Paraguay,Chile;30;384;4,7;79,3;29,9;29,9;5,3;1,8;0;0;5,5;280;34,2;0;0;1,1;1,3;14,4;1,45;161;6,85;0;0;0;0;624;9,2;8,4;0;0;0;EUR,LATAM;2590,444734
CP_65;RTE;Corn Flakes;Brazil;30;373;6,9;81,3;12,7;12,7;2,2;0,4;0;0;4,1;390;27,3;0;0;0;1,22;16;1,25;240;5,03;0;0;0;0;609;13,3;4,2;0;0;0;LATAM;270,6928224
CP_66;RTE;CRUNCH;Brazil;30;391;7,2;74,2;29,2;29,2;7,3;2,9;0,1;0;6,2;216;31;0;0;0;0,81;11,9;0,73;162;3,41;0;0;0;0;563;14;3,97;0;0;0;LATAM;461,120964
CP_67;RTE;COOKIE CRISP;Mexico,Guatemala,Costa Rica,Panama,Nicaragua,Honduras,El Salvador,Jamaica,Dominican Rep.,Trinidad,Tobago,Caribbean;30;373;6,5;77,6;29,9;29,9;4,1;1,8;0,03;0;6,3;392;33;0;0;0;1,06;12,6;1,17;228;5,88;0;0;0;0;514;11,3;8,9;0;0;0;LATAM;1130,868976
CP_68;RTE;FITNESS;Mexico,Dominican Rep.,Colombia,Panama,Honduras,Guatemala,El Salvador,Trinidad,Tobago,Costa Rica,Nicaragua,Caribbean,Jamaica;30;348;9;73;11,8;11,8;2,2;1;0,01;0;9,5;450;41,8;0;0;0;1,33;16,7;1,48;256;6,65;0;0;0;0;514;12,6;12;0;0;0;LATAM;5711,107901
CP_69;RTE;FITNESS & Fruit;Mexico,Dominican Rep.,Guatemala,Panama,Honduras,Costa Rica,Nicaragua,Dominican Rep.,El Salvador,Trinidad,Tobago,Caribbean,Caribbean,Trinidad,Tobago,Jamaica;40;341;7,2;71,7;24,9;24,9;2,8;1,7;0,01;0;8,2;371;31,5;0;0;0;1,01;12,7;1,14;194;5;0;0;0;0;396;10;9,14;0;0;0;LATAM;963,2872109
CP_71;RTE;NESQUIK;Mexico,Guatemala,Dominican Rep.,Panama,Honduras,El Salvador,Costa Rica,Jamaica,Nicaragua,Trinidad,Tobago,Caribbean,Colombia;30;383;4,9;79,6;29,7;29,7;5;1,8;0,03;0;4,7;332;49,6;4,27;0;0,67;0,65;7,41;0,78;136;3,6;0;0;0;0;495;8,54;6,31;0;0;0;LATAM;12896,51864
CP_72;RTE;NESQUIK Duo;Mexico,Costa Rica,Guatemala,Panama,Dominican Rep.,Honduras,El Salvador,Nicaragua,Trinidad,Tobago,Caribbean;30;393;5;78,4;29,3;29,3;6,6;2,6;0,07;0;3,8;373;42,4;4,4;0;0,72;0,72;7,94;0,82;156;3,88;0;0;0;0;622;8,59;6,64;0;0;0;LATAM;321,5587382
CP_73;RTE;TRIX;Mexico,Jamaica,Caribbean,Trinidad,Tobago,Guatemala,Costa Rica,Panama,Honduras,Dominican Rep.,Nicaragua,El Salvador;30;387;3,3;81;29,1;29,1;5,5;2,1;0;0;5,3;333;36;0;0;0;1,06;11,7;1,19;220;5,75;0;0;0;0;597;11,9;10,1;0;0;0;LATAM;1975,70142
CP_74;RTE;FITNESS Honey Almonds;Mexico,Dominican Rep.,Guatemala,Panama,Honduras,Costa Rica,Nicaragua,El Salvador,Trinidad,Tobago,Caribbean,Jamaica;30;371;8,7;72,1;22,7;22,7;5,3;1,1;0,01;0;8,4;353;33,1;0;0;0,69;1,21;14,6;1,28;221;5,83;0;0;0;0;514;12,3;11,6;0;0;0;LATAM;574,0290077
CP_75;RTE;FITNESS;Brazil,Argentina,Uruguay,Paraguay;30;330;9,7;70,9;15,4;15,4;1,8;0,4;0;0;10,9;411;38,3;0;0;0;0,78;15,9;1,11;212;3,95;0;0;0;0;710;13,5;6,7;0;0;0;LATAM;878,7936673
CP_76;RTE;MOCA;Brazil;30;374;5,8;81,8;30,1;30,1;2,5;0,5;0;0;4,1;413;33,1;0;0;0;1,29;16;1,3;220;5;0;0;0;0;642;13,7;4,6;0;0;0;LATAM;591,2247234
CP_77;RTE;NESQUIK;Brazil,Dominican Rep.,Trinidad,Tobago,Caribbean;30;376;6,2;76,9;30;30;4,8;1,5;0;0;5,8;367;39,2;0;0;0;1,3;14,9;1,28;231;5;0;0;0;0;694;13,9;4,2;0;0;0;LATAM;8351,45892
CP_78;RTE;SNOW FLAKES;Brazil,Caribbean,Dominican Rep.,Trinidad,Tobago,Colombia,Jamaica;30;374;5,8;81,9;30,2;30,2;2,6;0,6;0;0;4;416;33,1;0;0;0;1,3;16;1,3;219;5;0;0;0;0;648;13,6;5;0;0;0;LATAM;3139,708307
CP_79;RTE;FITNESS;Chile,Colombia,Bolivia,Peru,Ecuador,Chile;30;340;9,4;70,4;10,1;10,1;2,3;0,5;0,01;0;11,2;311;52,3;0;0;1,11;1,47;16,4;1,52;192;7,75;0;0;0;0;675;13,9;13,1;0;0;0;LATAM;1071,025675
CP_80;RTE;FITNESS & Fruit;Colombia,Chile,Peru,Ecuador,Bolivia;40;335;7,7;69,6;22,4;22,4;2,8;1,3;0;0;9,8;248;40,5;0;0;0,59;0,87;13,3;1,24;140;5,36;0;0;0;0;423;9,04;9,12;0;0;0;LATAM;503,5652104
CP_81;RTE;FITNESS & Yoghurt;Chile,Colombia;30;368;8,4;70,2;18,2;18,2;5,9;3,8;0,01;1,1;9,6;270;44,9;0;0;0,96;1,09;14,1;1,31;165;6,68;0;0;0;0;595;11,9;11,3;0;0;0;LATAM;179,5004619
CP_82;RTE;GOLD;Chile,Caribbean,Jamaica,Dominican Rep.,Trinidad,Tobago;30;377;4,8;84,4;33,3;33,3;2,2;0,6;0;0;3,5;433;27,5;0;61;1,4;1,7;18,1;2;204;6,1;1,02;0;0;0;400;14;9;0;0;0;LATAM;245,5434288
CP_83;RTE;MILO;Chile,Colombia,Chile,Peru,Bolivia,Ecuador;30;362;10,8;72,3;29,9;29,9;3,3;1,3;0;0,7;8,1;102;35,4;0;0;1,04;1,1;12,3;1,16;185;8,5;0;0;0;0;625;11,9;8,3;0;0;0;LATAM;1889,179577
CP_84;RTE;NESQUIK;Argentina,Paraguay,Ecuador,Uruguay,Peru,Bolivia,Chile;30;380;5,5;82;29,9;29,9;3,3;1;0;0;4,2;200;34,8;0;0;0;0,8;9;1;102;5;0;0;0;0;559;7,66;7,5;0;0;0;LATAM;720,8979571
CP_85;RTE;ZUCOSOS;Chile,Paraguay,Chile,Ecuador,Uruguay,Colombia,Peru;30;366;5,1;81,3;29,9;29,9;2,2;0,5;0;0;5,5;426;36,4;0;0;1,17;1,4;14;1,54;172;7,32;0;0;0;0;777;9,9;9;0;0;0;LATAM;978,793846
CP_86;RTE;COOKIE CRISP;Philippines,Thailand;30;385;6,2;80,4;29,9;29,9;3,2;1,3;0;0;4,9;440;30,7;0;0;0;2,01;22,6;2,18;250;6,81;0;0;0;0;572;15;0;0;0;0;AMA;189,9138096
CP_87;RTE;KOKO KRUNCH Duo;Indonesia,Philippines,Thailand,Taiwan,Vietnam,Bangladesh,Hong Kong;30;383;7,9;76,8;30;30;4,9;2,2;0;0;5,2;121;31,5;0;0;0;1,6;18;2;200;6;0;0;0;0;626;14;0;0;0;0;AMA;715,2244071
CP_88;RTE;FRUITY BITES Wildberry;Australia,New Zealand;30;353;7,3;71,8;23,5;23,5;2;0,4;0;0;7,5;45;50,4;0;20;1,83;1,4;8,4;0;0;0;0;0;0;0;0;10;0;0;0;0;UKA;190,496532
CP_89;RTE;OAT CRISP Almond;Australia;40;401;10,5;67,1;21,1;21,1;8,3;1,3;0,01;0;8;237;69,4;0;25;1,38;1,05;6,3;1;150;0;0;0;0;2,5;390;7,5;4,5;0;0;0;UKA;160,0297951
CP_91;RTE;Corn Flakes;China;30;374;6,9;81,9;10,9;10,9;2,1;0,5;0;0;2,7;665;27,5;0;0;0;0,9;9;1,2;200;0;0;0;0;0;525;6;5;0;0;0;AMA;48,7671003
CP_92;RTE;Corn Flakes;Malaysia,Thailand,Philippines,Indonesia,Pakistan,Bangladesh,Singapore,Sri Lanka,Taiwan,Nestlé (PNG) LTD,Vietnam,Mauritius,Hong Kong,Fiji;30;377;6,8;81,6;10,6;10,6;1,8;0,4;0;0;3,6;592;27,4;0;0;0;1,6;18;2;200;6;0;0;0;0;700;14;0;0;0;0;AMA;2694,068067
CP_93;RTE;GOLD;Malaysia,Taiwan,Philippines,Ghana,Ghana,Singapore,Thailand;30;387;5,1;85,4;33,8;33,8;2,1;0,5;0;0;3,1;438;27,2;0;0;0;1,6;18;2;200;6;0;0;0;0;570;14;0;0;0;0;AMA;757,0327519
CP_94;RTE;KOKO KRUNCH;Philippines,Sri Lanka,Malaysia,Thailand,Pakistan,Mauritius,Nestlé (PNG) LTD,Bangladesh,Kenya,Fiji,Hong Kong,New Caledonia,Singapore,French Polynesia;30;368;8,1;77,3;29,9;29,9;3,2;1,2;0;0;6,4;157;29,2;0;0;0;1,6;18;2;200;6;0;0;0;0;525;14;0;0;0;0;AMA;3541,330522
CP_95;RTE;MILO;Philippines,Mauritius,Nestlé (PNG) LTD,Fiji,Sri Lanka,Ghana,New Caledonia,Pakistan,French Polynesia,Kenya;30;363;8,3;75,6;29,1;29,1;3,1;1,2;0;0,1;7,5;161;32;0;0;0;1,6;18;2;200;6;0;0;0;0;612;14;0;0;0;0;AMA;452,3593081
CP_96;RTE;STARS Honey;Philippines,Malaysia,Mauritius,Bangladesh,Singapore,Nestlé (PNG) LTD,French Polynesia;30;372;6,2;80,9;27,9;27,9;2,6;0,9;0;0;5,9;36;37,1;0;0;0;1,6;18;2;200;6;0;0;0;0;625;14;0;0;0;0;AMA;386,2841871
CP_97;RTE;CHEERIOS Multigrain;China,China,Hong Kong;30;380;8,4;77,5;18,1;18,1;4;1,4;0,02;0;4,9;376;43,7;0;0;0;0,9;9,4;1,2;125;0;0;0;0;0;500;4,5;7,5;0;0;0;AMA;374,7926054
CP_98;RTE;KOKO KRUNCH;China;30;379;8,3;78,1;29,8;29,8;3,7;1,3;0,02;0;4,7;158;28,8;0;0;0;0,9;9,4;1,2;125;0;0;0;0;0;400;6;6;0;0;0;AMA;300,6311
CP_99;RTE;STARS Milk & Egg;China;30;393;8;80,7;29,8;29,8;4,2;1,4;0,03;6,6;2,7;80;32,6;0;0;0;0,9;9,4;1,2;125;0;0;0;0;0;400;4,4;5;0;0;0;AMA;195,3789
CP_100;RTE;CUI MAI PIAN;China;30;383;8,8;79,6;19,7;19,7;3,3;0,9;0,02;0;3,6;187;47,1;0;0;0;0,9;9,4;1,2;125;0;0;0;0;6,4;400;5;6,5;0;0;0;AMA;138,5808012
CP_101;RTE;CLUSTERS Almond;United Kingdom,Ireland;30;377;9;73,7;22,3;22,3;3,4;1,3;0;0;7,9;421;65,1;0;0;0;1,12;14;1,09;179;4,17;0;0;0;0;514;11,7;0;0;0;0;UKA;342,9484103
CP_102;RTE;SHREDDED WHEAT Honey Nut;United Kingdom,Ireland;40;387;12,1;67,8;15,1;15,1;5,4;1,2;0;0;9,8;14;84,1;0;0;0;0;0;0;0;0;0;0;0;0;0;0;0;0;0;0;UKA;972,7698735
CP_103;RTE;CHEERIOS Honey;China,Hong Kong;30;379;7,4;79,7;29,8;29,8;3,4;1,2;0,02;0;4,3;262;38;0;0;0;0,9;9,4;1,2;125;0;0;0;0;0;500;4,5;7,5;0;0;0;AMA;202,0389126
CP_104;RTE;SHREDDIES Honey;United Kingdom;40;368;9;74,4;27;27;1,5;0,2;0;0;10,3;243;80,3;0;0;0;0,66;9,06;0,83;119;3,2;0;0;0;0;0;6,46;0;0;0;0;UKA;2,592
CP_105;RTE;PLUS FIBRE Lift;China,Australia,New Zealand,Nestrade;40;332;8,1;62,3;23,3;23,3;1,8;0,4;0;0;17,9;103;51,5;0;0;1,38;1,05;6,2;1;250;0;0;0;0;2,5;400;6;4,5;0;0;0;AMA,UKA,EUR;926,9952387
CP_106;RTE;PLUS PROTEIN Lift;China,Australia,Nestrade,New Zealand;40;363;14;67,2;23;23;2,3;0,5;0,01;0;8,2;148;44,6;0;0;1,38;1,05;6,3;1;250;0;0;0;0;2,5;320;6;4,5;0;0;0;AMA,EUR,UKA;897,3134131
CP_107;BAR;FITNESS Chocolate & Orange;Greece;23,5;375;6,1;69,4;25,5;25,5;5,9;2,9;0,02;0;5,8;306;33,5;0;0;0;1,52;15,4;1,4;201;6,04;0;0;0;0;820;11,5;0;0;0;0;EUR;0,13959
CP_108;RTE;GOLDEN NUGGETS;United Kingdom,Ireland,Malta;30;379;8,3;80;22,4;22,4;1,7;0,3;0;0;5;280;41,1;1,8;0;1;1,3;14,2;1,33;200;5,4;0;0;0;0;487;8,1;0;0;0;0;UKA,EUR;1193,422601
CP_109;RTE;FITNESS;Russian Fed.,Kazakhstan,Russia exports (Georgia, Armenia, Belarus, Uzbekistan),Azerbaidjan,Russia Professionals;30;355;9,7;73,2;10,8;10,8;2,6;1;0,02;0;8;448;93,7;0;0;0;1,32;15;1,59;196;5,33;0;0;0;0;667;8,74;0;0;0;0;EUR;1936,378287
CP_110;RTE;CRUNCH Rolls;Israel;30;402;7;71;30;30;10;1,7;0,5;2,5;5,5;200;0;0,9;37;1;1,3;14,7;1,2;170;4;0,6;0;0;0;267;11,8;0;0;0;0;EUR;431,4911112
CP_111;RTE;PLUS Omega 3;China,Australia,Nestrade,New Zealand;40;376;8,9;67,5;21,4;21,4;5,9;0,8;0,01;0;8,8;184;61;0;0;1,38;1,05;6,2;1;250;0;0;0;0;3,8;400;6;4,5;0;0;0;AMA,EUR,UKA;787,9434967
CP_113;RTE;FITNESS & Fruit;Russian Fed.,Kazakhstan,Azerbaidjan,Russia exports (Georgia, Armenia, Belarus, Uzbekistan),Russia Professionals;40;350;7,6;72,4;26,5;26,5;3,4;2,1;0,02;0;6,7;333;67,2;0;0;0;0,96;10,9;1,19;143;3,87;0;0;0;0;493;6,91;0;0;0;0;EUR;383,2819344
CP_115;RTE;NESQUIK Duo;Russian Fed.,Kazakhstan,Russia exports (Georgia, Armenia, Belarus, Uzbekistan),Azerbaidjan;30;374;8,3;74,6;28,5;28,5;4,7;0,8;0,05;0;7,1;170;55,2;2,88;0;0,91;1,21;13,5;1,22;169;5;0;0;0;0;623;8,46;0;0;0;0;EUR;4429,779402
CP_117;RTE;CHEERIOS Multigrain;Malaysia,Singapore;30;379;8,4;77,2;17,9;17,9;4;1,4;0,02;0;4,9;380;43,7;0;0;0;2;19;1,9;290;7,2;0;0;0;0;575;12,3;0;0;0;0;AMA;42,228
CP_119;RTE;NESQUIK Duo;Romania,Ukraine,Poland,Hungary,Baltics & Balkans & Exports,Czech Republic,Bulgaria,Slovakia;30;383;8,1;75,6;25;25;3,5;1,5;0,02;0;7,8;150;48,8;2,5;0;1;1,3;14,7;1,3;180;5,35;0;0;0;0;560;9,6;0;0;0;0;EUR;1445,626762
CP_120;RTE;NESQUIK;Netherlands,Tunisia,France,Italy & Malta,United Kingdom,Baltics & Balkans & Exports,Greece,Bulgaria,Belgium,Switzerland,Iran,Saudi Arabia,Nestrade,Utd.Arab Emir.,Cyprus,Ireland,Kuwait,Mauritius,Qatar,Bahrain,French Polynesia,New Caledonia,Lebanon,Morocco,Jordan;30;369;8,4;75,8;24,9;24,9;1,7;0,6;0;0;8,7;177;51,4;2,5;0;1;1,3;14,9;1,35;185;5,5;0;0;0;0;474;10,4;0;0;0;0;EUR,UKA,AMA;7246,363768
CP_121;RTE;LION;Netherlands,Tunisia,Libya,France,Germany,Spain,Greece,Portugal,Austria,Belgium,Algeria,Italy & Malta,Morocco,United Kingdom,Utd.Arab Emir.,Switzerland,Lebanon,Saudi Arabia,Egypt,Nestrade,Kuwait,Iran,Jordan,Qatar,Mauritius,Bahrain,New Caledonia,Cyprus;30;409;7,5;75,5;28,8;28,8;7,3;1,3;0,06;0;5,3;197;38,9;2,5;0;0,93;1,27;14,2;1,28;213;5,25;0;0;0;0;470;8,22;0;0;0;0;UKA,AMA,EUR;13869,43224
CP_122;RTE;MUESLI Morning Sun Apricot and Almond;Australia;45;363;11;57,2;15,1;15,1;7,7;1,8;0;0;11,1;19;70;0;0;0;0;0;0;0;0;0;0;0;0;0;0;0;0;0;0;UKA;1375,669226
CP_124;RTE;Muesli Uncle Toby's Swiss Natural Style;Australia;45;363;10,8;59,2;16,4;16,4;7;1,3;0;0;10,7;24;71,9;0;0;0;0;0;0;0;0;0;0;0;0;0;0;0;0;0;0;UKA;425,781213
CP_127;RTE;NESQUIK;Sweden,Norway,Finland,Denmark;30;375;8,4;76,6;24,9;24,9;1,9;0,6;0;0;8,9;169;51;0;0;0;0;0;0;0;0;0;0;0;0;0;0;0;0;0;0;EUR;1135,72468
CP_128;RTE;NESQUIK Alphabet;Russian Fed.,Kazakhstan,Azerbaidjan,Russia exports (Georgia, Armenia, Belarus, Uzbekistan),Russia Professionals;30;358;8,6;72,9;27,5;27,5;3,6;1;0,01;0;9;227;73,1;3,44;0;1,09;1,38;15,4;1,39;191;5,69;0;0;0;0;616;10,5;0;0;0;0;EUR;353,7595425
CP_129;RTE;CHEERIOS Honey and Oat;Australia,New Zealand;30;384;6,7;76,8;17,8;17,8;4,1;0,8;0;0;7;267;63,5;0;33,3;1,83;1,43;8,3;1,3;200;0;0;0;0;3,3;667;10;6;0;0;0;UKA;350,9313209
CP_130;RTE;PLUS Muesli Flakes;China,Australia;40;357;8,1;70,8;23,8;23,8;2,3;1;0;0;10,9;278;67,4;0;25;0,69;1,05;6,3;0;150;0;0;0;0;0;0;0;0;0;0;0;AMA,UKA;757,0992653
CP_132;RTE;FITNESS Chocolat Noir;Russian Fed.,Kazakhstan,Azerbaidjan,Russia exports (Georgia, Armenia, Belarus, Uzbekistan);30;380;9,2;68,7;15,5;15,5;7,6;4,1;0,1;0;8,2;365;78,4;0;0;0;1,13;12,4;1,36;163;4,46;0;0;0;0;566;9,54;0;0;0;0;EUR;71,11368
CP_133;RTE;CHEERIOS Multigrain;Mexico,Colombia,Jamaica,Trinidad,Tobago,Dominican Rep.;30;374;7;79,2;20;20;3,3;1;0;0;4,7;412;56,7;0;0;0,9;0,88;11,2;1,11;203;5,21;0;0;0;0;579;9,51;7,94;0;0;0;LATAM;1184,232245
CP_134;RTE;CHEERIOS Honey;Mexico,Caribbean,Trinidad,Tobago,Jamaica,Dominican Rep.;30;373;6,3;80,8;28,8;28,8;2,8;0,8;0;0;4,4;423;50,8;0;0;1,01;1,06;12,7;1,25;228;5,81;0;0;0;0;524;10,2;8,88;0;0;0;LATAM;1897,476525
CP_135;RTE;CHEERIOS Apple and Cinnamon;Mexico,Colombia;30;380;5,9;78,9;29,1;29,1;4,5;1,7;0;0;4,2;402;47,5;0;0;0,99;1,01;12,3;1,22;227;5,85;0;0;0;0;796;10,5;8,78;0;0;0;LATAM;1508,792246
CP_136;RTE;NESQUIK Duo;Turkey,Saudi Arabia,Utd.Arab Emir.,Kuwait,Jordan,Lebanon,Qatar,Bahrain,Oman;30;395;7,9;74,2;28,4;28,4;5,9;2,9;0,05;0;6,5;174;38,3;3,1;0;0,93;1,26;14,5;1,28;175;5,28;0;0;0;0;563;9,1;0;0;0;0;AMA;632,6606735
CP_137;RTE;FITNESS;Turkey,Ukraine;30;371;9,3;73,6;13,8;13,8;2,6;1;0,01;0;8;444;62,4;0;0;0;1,38;16,8;1,56;228;5,54;0;0;0;0;636;14,1;0;0;0;0;AMA,EUR;832,8052142
CP_138;RTE;FITNESS Strawberry and Clusters;Turkey;30;373;9;73,7;15,9;15,9;2,8;1,2;0,04;0;7,8;417;59,8;0;0;0;1,24;15,1;1,4;205;4,97;0;0;0;0;571;12,6;0;0;0;0;AMA;357,0797584
CP_139;RTE;FITNESS & Fruit;Turkey;40;363;7,4;72,5;27,1;27,1;3,3;2,1;0,01;0;6,8;336;46,1;0;0;0;1,03;12,5;1,19;172;4,13;0;0;0;0;482;10,8;0;0;0;0;AMA;608,0324708
CP_140;RTE;Corn Flakes;Turkey,Saudi Arabia,Saudi Arabia,Utd.Arab Emir.,Jordan,Oman,Philippines,Kuwait,Lebanon,Qatar,Thailand,Malaysia,Pakistan,Singapore,Sri Lanka,Taiwan;30;378;7,1;80,7;10,4;10,4;1,9;0,4;0;0;4,6;430;30,3;0;0;0;1,36;15,1;1,39;205;5,16;0;0;0;0;532;13,5;0;0;0;0;AMA;1437,58658
CP_141;RTE;FITNESS & Fruit;Brazil,Argentina,Paraguay,Uruguay;40;329;7,9;68,7;27,1;27,1;2,5;1,2;0;0;10,5;320;29,1;0;0;0;0,9;12,2;0,88;165;3,35;0;0;0;0;550;11,5;5,2;0;0;0;LATAM;286,0161
CP_142;RTE;CHOCAPIC Clusters;Chile,Ecuador,Bolivia,Peru;30;379;8,3;70;28,6;28,6;7,4;4,5;0;0,1;9;250;41,8;0;0;0,86;0,93;10,8;1,18;137;5,6;0;0;0;0;461;11,8;6,87;0;0;0;LATAM;386,9069248
CP_143;RTE;NESQUIK;Tunisia,Palestine,Libya,Turkey,Saudi Arabia,Utd.Arab Emir.,Kuwait,Saudi Arabia,Morocco,Iraq,Jordan,Lebanon,Egypt,Qatar,Oman,Nestrade,Palestinian Aut,Bahrain,Algeria,Korea;30;383;7,7;75;27,9;27,9;4;1,7;0;0;7,4;204;44,5;0;0;1;1,29;15,7;1,33;181;5,53;0;0;0;0;487;10,6;0;0;0;0;EUR,AMA;7794,05963
CP_144;RTE;KHRUTKA Honey Balls;Russian Fed.,Kazakhstan,Russia exports (Georgia, Armenia, Belarus, Uzbekistan),Azerbaidjan;30;359;8,5;73,9;25;25;3,3;0,6;0,01;0;8,4;328;81,6;0;0;0;0;0;0;0;0;0;0;0;0;627;0;0;0;0;0;EUR;400,5593134
CP_145;RTE;NESQUIK Duo;Brazil;30;388;6,2;75,9;30;30;5,4;1,8;0;0;5,8;392;39,2;0;0;0;1,1;14,9;1,28;237;5,55;0;0;0;0;863;13,5;4,2;0;0;0;LATAM;316,6158402
CP_151;RTE;Vita Brits;Australia,Australia,Nestrade;33,3;348;9,9;67;0,4;0,4;1,8;0,4;0;0;12,6;394;99,9;0;0;0;0;0;0;0;0;0;0;0;0;0;0;0;0;0;0;UKA,EUR;3222,869186
CP_152;RTE;STARS Honey;Malaysia,Indonesia,Thailand,Singapore,Hong Kong,Vietnam;30;373;6,1;81,7;28;28;2,4;0,9;0;0;5,4;32;37,2;0;0;0;1,6;18;2;200;6;0;0;0;0;625;14;0;0;0;0;AMA;1323,842088
CP_153;RTE;COOKIE CRISP;Malaysia,Singapore;30;370;6,2;79;29,8;29,8;3,2;1,3;0;0;5,8;439;30,7;0;0;0;1,6;18;1,8;200;6;0;0;0;0;550;12;0;0;0;0;AMA;200,0572933
CP_154;RTE;MILO;Indonesia,Malaysia,Thailand,Pakistan,Vietnam,Taiwan,Singapore,Hong Kong,Bangladesh;30;363;8;76;29,2;29,2;3;1,2;0;0,1;7,5;150;31,8;0;0;0;1,6;18;2;200;6;0;0;0;0;565;14;0;0;0;0;AMA;2545,068829
CP_155;RTE;KOKO KRUNCH;Indonesia,Malaysia,Thailand,Taiwan,Bangladesh,Pakistan,Singapore,Vietnam,Hong Kong,Korea;30;370;7,6;78;29,7;29,7;3;1,1;0;0;6,1;157;29,1;0;0;0;1,6;18;2;200;6;0;0;0;0;530;14;0;0;0;0;AMA;8435,240041
CP_156;RTE;NESQUIK;Portugal,Spain,Italy & Malta;30;369;8,4;75,8;24,9;24,9;1,7;0,6;0;0;8,7;177;51,4;2,5;0;1;1,3;14,9;1,35;185;5,5;0;0;0;0;474;10,4;0;0;0;0;EUR;1373,688576
CP_157;RTE;MILO;South Africa,Mozambique;30;385;8,8;73,2;29,3;29,3;4,5;1,8;0;0;7,9;98;43,7;0;0;0;1,3;13,4;1,12;220;4,6;0;0;0;0;760;13,9;0;0;0;0;AMA;916,7425838
CP_158;RTE;MILO DUO;South Africa;30;391;8,7;73,2;29,4;29,4;5,4;2,5;0;0;7,1;84;45,5;0;0;0;1,38;15,6;1,44;238;5,24;0;0;0;0;751;15,1;0;0;0;0;AMA;572,0123335
CP_159;RTE;CHEERIOS Multigrain;South Africa;30;373;7;77,5;21,1;21,1;2,4;0,8;0;0;6,4;341;66,3;0;0;0;1,3;13,6;1,25;230;5,3;0;0;0;0;860;13,2;0;0;0;0;AMA;174,444165
CP_160;RTE;KHRUTKA Chocolate Rings;Russian Fed.,Russia exports (Georgia, Armenia, Belarus, Uzbekistan),Kazakhstan,Azerbaidjan,Russia Professionals;30;358;9,1;73;24,7;24,7;3,3;0,8;0;0;8,2;186;76,1;0;0;0;0;0;0;0;0;0;0;0;0;741;0;0;0;0;0;EUR;618,2602171
CP_161;RTE;FITNESS Honey Almonds;Brazil,Uruguay,Paraguay,Argentina;30;366;9,4;70,7;25;25;5,1;0,7;0;0;9;249;30,5;0;0;0;0,68;14,8;1,04;188;3,79;0;0;0;0;600;10,5;6,4;0;0;0;LATAM;229,78497
CP_162;RTE;FITNESS Honey Almonds;Chile,Peru,Colombia,Ecuador,Bolivia;30;364;9,1;69,5;19,9;19,9;5,5;0,7;0,01;0;9,9;253;42,2;0;0;0,91;1,25;13,5;1,23;158;6,28;0;0;0;0;563;11,5;10,8;0;0;0;LATAM;330,5824424
CP_163;RTE;LION;Poland,Romania,Ukraine,Poland,Baltics & Balkans & Exports,Hungary,Czech Republic,Morocco,Slovakia,Algeria,Bulgaria,Nestrade;30;400;8,7;76,1;29,7;29,7;5,5;2;0;0;5,5;180;41,1;3;0;0,93;1,26;13,8;1,26;182;5,14;0;0;0;0;464;8,3;0;0;0;0;AMA,EUR;4123,580967
CP_164;BAR;NESQUIK (maxi choco);Nestlé Pro Italy,Italy & Malta,France,Sweden,Israel;25;401;6,5;63,1;32,5;32,5;11,2;4,4;0,1;0;5,4;176;23,4;5;0;0;1;12,5;1,05;180;4,9;0;0;0;0;967;15;0;0;0;0;EUR;408,4760644
CP_166;RTE;KHRUTKA Honey Flakes;Russian Fed.,Kazakhstan,Russia exports (Georgia, Armenia, Belarus, Uzbekistan);30;376;6,5;85,2;19,1;19,1;1,1;0,2;0;0;1,8;650;0;0;0;0;0;0;0;0;0;0;0;0;0;520;0;0;0;0;0;EUR;305,901
CP_167;RTE;Nesquik Pillows;Russian Fed.,Kazakhstan,Russia exports (Georgia, Armenia, Belarus, Uzbekistan),Azerbaidjan;30;387;8,4;66,8;25,3;25,3;9,5;1,5;0;0;7,6;172;49,2;3,33;0;1,01;1,37;15,4;1,34;184;5,55;0;0;0;0;932;10,7;0;0;0;0;EUR;296,8920136
CP_168;RTE;NESQUIK Alphabet;Romania,Germany,United Kingdom,Poland,Hungary,Baltics & Balkans & Exports;30;383;8,4;74,8;25;25;4;1,7;0,02;0;7,2;213;47;3;0;0,98;1,27;14,2;1,28;184;5,2;0;0;0;0;487;12,2;0;0;0;0;UKA,EUR;573,1128783
CP_172;RTE;CHEERIOS Honey;South Africa;30;376;6,3;79,2;29,2;29,2;2,4;0,8;0;0;5,8;301;59,7;0;0;0;1,2;12,2;1,1;200;4,8;0;0;0;0;770;11,9;0;0;0;0;AMA;275,4965808
CP_173;RTE;UT OAT Flakes;Australia,Australia,New Zealand;30;384;10,1;72,8;12;12;5,1;1,1;0;0;6,9;383;62,3;0;0;0,9;1,4;8,4;0;335;0;0;0;0;0;0;10;0;0;0;0;UKA;252,4398476
CP_175;RTE;PLUS Calcium;Australia;40;392;11;63,8;15,3;15,3;8,4;1,3;0,01;0;8,7;173;50,8;0;0;1,38;1,05;6,2;0,8;250;0;0;0;0;2,5;500;6;4,5;0;0;200;UKA;406,1962269
CP_178;HOT;Uncle Tobys Oats Traditional (Red Box);China,Australia,Australia,New Zealand,Nestrade;40;378;12,8;56,7;1;1;9,2;1,7;0;0;9,2;6;100;0;0;0;0;0;0;0;0;0;0;0;0;0;0;0;0;0;0;AMA,UKA,EUR;8384,787113
CP_179;HOT;Uncle Tobys Quick Oats (Red Box);Australia,New Zealand,Australia;40;378;12,8;56,7;1;1;9,2;1,7;0;0;9,2;6;100;0;0;0;0;0;0;0;0;0;0;0;0;0;0;0;0;0;0;UKA;4008,578384
CP_181;RTE;Healthwise Heart;Australia;45;373;9,7;65,6;27;27;5,4;1,1;0;0;12,3;224;27;0;0;0;0,96;5,6;0,9;111;0;0;0;0;0;0;6,7;4;0;0;0;UKA;141,3548655
CP_182;RTE;FITNESS Honey Almonds;Turkey,Singapore,Malaysia;30;388;9,4;71,1;19,9;19,9;5,7;1,2;0,01;0;7,6;372;52,2;0;0;0;1,21;14,3;1,31;191;4,66;0;0;0;0;552;12,1;0;0;0;0;AMA;273,4261824
CP_184;RTE;CHOCAPIC Choco Hazelnut;France,French Polynesia;30;415;7,9;71,9;26,4;26,4;9,2;1,4;0,09;0;6,1;95;30,4;3;0;0,91;1,25;13,5;1,24;172;5,22;0;0;0;0;494;10,3;0;0;0;0;EUR,AMA;227,7029475
CP_185;RTE;FITNESS Chocolate;Turkey;30;392;8,7;71,3;19,4;19,4;6,4;3,5;0,03;0;7,3;385;53;0;0;0;1,22;14;1,33;187;4,8;0;0;0;0;571;12,5;0;0;0;0;AMA;294,042024
CP_186;RTE;CHEERIOS Oat Uncoated;United Kingdom,Ireland;30;399;11,1;66,4;4,7;4,7;7,9;1,4;0;0;9;350;97,8;0;0;0;0;0;0;0;0;0;0;0;0;0;0;0;0;0;0;UKA;322,3658282
CP_187;RTE;Nesquik Pillows;Turkey,Saudi Arabia,Utd.Arab Emir.,Kuwait,Algeria,Lebanon,Morocco,Nestrade,Qatar,Korea;30;403;7,7;68,6;25,8;25,8;9,2;4;0,09;0;7;168;38,3;0;0;0,65;1,65;16,2;1,4;220;6,63;0;0;0;0;825;13,3;0;0;0;0;EUR,AMA;1265,666957
CP_188;RTE;FITNESS;Romania,Poland,Slovakia,Denmark,Finland,Finland;30;368;9,4;74,9;10,8;10,8;1,8;0,6;0;0;7,4;379;57,9;0;0;0;1,25;12,8;1,14;153;5,18;0;0;0;0;637;12,8;0;0;0;0;EUR;481,6077747
CP_189;RTE;FITNESS & Yoghurt;Poland,Romania,Slovakia;30;394;8,6;72,2;18;18;6,3;4,8;0,03;0;6,7;341;49,4;0;0;0;1,11;11,2;1;130;4,44;0;0;0;0;580;11;0;0;0;0;EUR;432,1251736
CP_190;RTE;FITNESS Chocolate;Romania,Poland,Slovakia;30;399;8,5;70,7;20;20;7,5;4,3;0,04;0;7;318;45,9;0;0;0;1,04;10,2;0,91;121;4,24;0;0;0;0;566;11;0;0;0;0;EUR;311,4079166
CP_191;RTE;FITNESS & Fruit;Romania,Poland,Slovakia;40;363;7,4;73,8;24,7;24,7;2,7;1,7;0;0;6,9;287;42,5;0;0;0;0,93;9,54;0,87;114;3,84;0;0;0;0;504;9,78;0;0;0;0;EUR;458,5227877
CP_192;RTE;Muesli Traditional;Turkey;45;378;11,9;62,2;14,9;14,9;6,7;1;0;0;10,5;243;30;0;0;0;0;0;0;0;0;0;0;0;0;0;0;0;0;0;0;AMA;335,7709572
CP_193;RTE;Muesli Tropical;Poland,Poland;45;381;9,5;65,4;19,5;19,5;7,2;3,5;0;0;8,4;229;30;0;0;0;0;0;0;0;0;0;0;0;0;0;0;0;0;0;0;EUR;228,8131776
CP_194;RTE;FITNESS Delice;Italy & Malta,France,Spain,Portugal;30;399;9,7;62,2;24,1;24,1;10,3;2,5;0,14;0;9;259;43,3;2,5;0;0,6;1,1;14,2;1,11;150;4,45;0;0;0;0;1068;12;0;0;0;0;EUR;412,879829
CP_195;RTE;ESTREL(L)ITAS Biscuit Maria Taste;Portugal,Spain;30;409;7,4;76,5;23,9;23,9;7,1;0,8;0,03;0;4,6;138;41,9;3;0;0,97;1,25;14;1,25;181;5,17;0;0;0;0;457;8,49;0;0;0;0;EUR;133,6397
CP_196;RTE;FITNESS;Philippines,Taiwan,Malaysia,Hong Kong,Singapore,Malaysia,Singapore;30;357;8,2;76,8;17,1;17,1;2;0,9;0;0;7,2;469;52,9;0;0;0;1,14;12,3;1,69;243;0;0;0;0;0;512;10,7;9,5;0;0;0;AMA;192,2932511
CP_197;RTE;FITNESS & Fruit;Malaysia,Philippines,Thailand,Vietnam,Singapore,Sri Lanka;40;345;6,6;76,3;30,2;30,2;1,5;0,7;0;0;6,3;363;40;0;0;0;0,88;9,4;1,31;187;0;0;0;0;0;397;8,5;7,3;0;0;0;AMA;202,738415
CP_198;RTE;FITNESS Honey Almonds;Malaysia,Philippines,Taiwan,Thailand,Sri Lanka,Singapore,Thailand;30;372;8,8;73,8;20,3;20,3;4,6;1,1;0;0;6,9;418;47,1;0;0;0;1,06;11,2;1,51;219;0;0;0;0;0;476;9,8;8,7;0;0;0;AMA;203,2754819
CP_204;RTE;CHOCAPIC;South Africa,Mozambique;30;377;8,3;75,3;28,6;28,6;4,7;1,9;0;0;6;127;31,9;0;0;0;1,2;13,3;1,25;216;4,54;0;0;0;0;583;16,7;0;0;0;0;AMA;335,356551
CP_205;RTE;ESTREL(L)ITAS;South Africa,Mozambique;30;380;7,3;77,9;25;25;4,3;1,7;0;0;5,9;145;38;0;0;0;0,94;10,9;1,01;166;3,59;0;0;0;0;562;11;0;0;0;0;AMA;86,2389666
CP_206;RTE;CHOCAPIC;Chile;30;348;9,3;68,4;16,7;16,7;4,1;1,5;0,01;0,1;9,5;395;50,9;0;0;1,07;0,94;11,7;1,26;177;6,1;0;0;0;0;1105;15;8,34;0;0;0;LATAM;4512,674025
CP_207;BAR;FITNESS Crunchy Caramel;Russian Fed.,Mexico,Italy & Malta,Saudi Arabia,Greece,Utd.Arab Emir.,Kuwait,Israel,Chile,Portugal,Hungary,Russia exports (Georgia, Armenia, Belarus, Uzbekistan),Colombia,Czech Republic,Lebanon,Slovakia;23,5;383;5,9;69,3;30,3;30,3;6,9;3,6;0,06;0;5,8;282;46,9;0;0;0;1,77;18,4;1,6;231;6,72;0;0;0;0;744;12,9;0;0;0;0;LATAM,AMA,EUR;314,1925556
CP_208;RTE;CHEERIOS Chocolate;Mexico,Trinidad,Tobago;30;373;6,6;79,4;28,8;28,8;3,2;1;0;0;4,7;444;49,9;0;0;1,01;1,01;12,5;1,24;229;5,98;0;0;0;0;504;12;9,01;0;0;0;LATAM;330,5770965
CP_209;RTE;NESQUIK Duo;Italy & Malta,Germany,Greece,Finland,Belgium,Austria,Sweden,Cyprus;30;392;8,3;72,9;25,7;25,7;5,7;2,9;0,03;0;7,8;168;47,9;3;0;1;1,2;14,2;1,29;176;5,2;0;0;0;0;400;9,3;0;0;0;0;EUR;1161,594378
CP_210;RTE;CHOCAPIC;France;30;386;8,1;74,6;28,8;28,8;4,5;1,3;0,02;0;7,4;130;31,9;3;0;0,93;1,27;13,8;1,26;176;5,23;0;0;0;0;479;11,7;0;0;0;0;EUR;2533,951051
CP_211;RTE;Corn Flakes;United Kingdom,United Kingdom,Ireland,Ireland,United Kingdom,Sweden;30;385;7,4;85,1;8,3;8,3;1,1;0,3;0;0;2,5;387;0;0;0;0;1,59;20;1,47;219;4,59;0;0;0;0;0;16,3;0;0;0;0;UKA,EUR;807,007352
CP_212;RTE;HONEY FLAKES;United Kingdom,Ireland;30;381;5,6;85,8;29,9;29,9;0,8;0,2;0;0;4;373;0;0;0;0;1,2;15;1,1;164;3,44;0;0;0;0;0;12,3;0;0;0;0;UKA;554,940498
CP_213;RTE;Corn Flakes;Israel,Finland,Norway,Denmark,Sweden;30;381;7,4;82,6;9,1;9,1;1,4;0,6;0;0;4,2;725;0;0;0;0;1,33;16,8;1,23;192;3,88;0;0;0;0;0;0;0;0;0;0;EUR;170,534139
CP_214;RTE;GOLD;Poland,Poland,Baltics & Balkans & Exports,Russian Fed.,Romania,Spain,Italy & Malta,Romania,Baltics & Balkans & Exports,Israel,Italy & Malta,Morocco,Ukraine,Portugal,Czech Republic,Germany,Czech Republic,Slovakia,Germany,France,Hungary,Hungary,Ukraine,Iran,Algeria,Slovakia,Bulgaria,Austria,Switzerland,Kazakhstan,Norway,France,Russia others,Bulgaria,Russia exports (Georgia, Armenia, Belarus, Uzbekistan),Russia Professionals;30;400;7,6;80,3;29,7;29,7;4,6;1;0;0;3,4;493;0;0;0;0;1,26;16,5;1,19;186;4,92;0;0;0;0;0;0;0;0;0;0;AMA,EUR;10876,47457
CP_215;RTE;LION;Finland,Denmark,Sweden,Norway;30;401;8,7;76,3;29,7;29,7;5,5;2,2;0;0;5,5;180;41,2;0;0;0;0;0;0;0;0;0;0;0;0;0;0;0;0;0;0;EUR;281,284466
CP_217;RTE;PLUS Iron;China,Australia,New Zealand,Nestrade;40;389;8,7;71,4;18,2;18,2;6;1,5;0;0;7,5;191;48,3;0;25;1,38;1,05;6,3;0,8;200;0;0;0;0;2,5;300;7,5;4,5;0;0;0;AMA,UKA,EUR;975,8109574
CP_218;GRA;Granola Traditional;Brazil,Brazil;45;405;11;63,7;22,5;22,5;11,7;2,3;0;0;7,8;101;70,1;0;0;0;0;0;0;0;0;0;0;0;0;0;0;0;0;0;0;LATAM;218,089474
CP_220;RTE;Corn Flakes;Mexico,Honduras,Guatemala,Dominican Rep.,Peru,Colombia,Nicaragua,Costa Rica,El Salvador,Panama,Caribbean,Jamaica,Trinidad,Tobago,Ecuador;30;366;6;80;11,1;11,1;2;0,3;0;0;4,2;622;42,6;0;0;0,82;0,84;9,75;0,9;169;4,59;0;0;0;0;500;10,5;7,92;0;0;0;LATAM;11200,53903
CP_223;GRA;LION Granola;France,Greece,Spain,Portugal,Belgium,France,Finland,Belgium;45;412;9,3;67,2;25,8;25,8;10,1;3,7;0,09;0;7;263;60,9;0;0;0;0;0;0;0;0;0;0;0;0;413;0;0;0;0;0;EUR;472,1641331
CP_224;RTE;GOLD;Turkey,Malaysia,Taiwan,Singapore;30;378;5,6;83,1;29,9;29,9;1,6;0,3;0;0;4,6;333;27,9;0;0;0;1,06;11,6;1,09;159;3,99;0;0;0;0;552;9,5;0;0;0;0;AMA;176,0932654
CP_225;RTE;LION;South Africa;30;393;8,9;73,5;29,7;29,7;5,5;2,4;0;0;6,9;174;41,8;0;0;0;1,15;12,8;1,22;217;4,34;0;0;0;0;700;12,7;0;0;0;0;AMA;155,965862
CP_226;RTE;Rice Crispies;United Kingdom,United Kingdom,United Kingdom,Ireland,Ireland,Ireland;30;385;7,5;85,3;9,3;9,3;1,2;0,4;0;0;1,5;234;0;0;0;0;1,47;23,5;1,78;259;4,99;0;0;0;0;0;12,4;0;0;0;0;UKA;1017,406283
CP_227;RTE;NESQUIK Coco Rice;Spain,Finland,United Kingdom,Portugal,Switzerland,United Kingdom,Ireland,Ireland;30;382;6,3;82,1;28,1;28,1;2,4;1,1;0;0;3,4;165;0;3;52,1;0;1,07;16,4;1,28;192;3,63;0;0;0;0;546;11,6;0;0;0;0;EUR,UKA;36,0097052
CP_228;RTE;CHOCAPIC Duo;France,Portugal,French Polynesia;30;392;8,1;74,8;28,8;28,8;5,3;1,8;0,03;0;6,3;103;36,4;3;0;0,97;1,3;14,3;1,31;180;5,39;0;0;0;0;635;10;0;0;0;0;EUR,AMA;330,1988032
CP_229;RTE;Corn Flakes;Poland;30;381;7,4;82,6;9,1;9,1;1,4;0,6;0;0;4,2;726;0;0;0;0;0;0;0;0;0;0;0;0;0;0;0;0;0;0;0;EUR;50,05045485
CP_230;BAR;FITNESS Delice White Chocolate;Italy & Malta,Greece,Israel,Romania,France,Spain,Hungary,Belgium,Nestlé Pro Italy,Poland,Slovakia,Portugal,Finland,Cyprus,Cyprus,Portugal;22,5;379;6,3;67,5;25,7;25,7;7,2;4,1;0,1;0;5,5;288;33,2;0;0;0;1,45;17,4;1,24;188;5,28;0;0;0;0;1334;11;0;0;0;0;EUR;248,3859471
CP_231;BAR;FITNESS Delice Duo;Italy & Malta,Portugal,Nestlé Pro Italy,Cyprus,Greece,Finland;22,5;375;6,4;66,7;24,6;24,6;6,9;3,8;0,1;0;6,4;293;33,2;0;0;0;1,45;18,5;1,24;190;5,35;0;0;0;0;1332;12,1;0;0;0;0;EUR;72,87618258
CP_232;BAR;FITNESS Delice Milk Chocolate;France,Greece,Romania,Israel,Hungary,Nestlé Pro Italy,Czech Republic,Portugal,Poland,Baltics & Balkans & Exports,Slovakia,Cyprus;22,5;380;6,4;67,5;26,8;26,8;7,2;3,7;0,07;0;5,9;281;30,8;0;0;0;1,4;16,3;1,15;190;5,45;0;0;0;0;1169;11,6;0;0;0;0;EUR;391,7652432
CP_233;BAR;FITNESS Delice Chocolate Hazelnut;Greece,Italy & Malta,Romania,Israel,France,Nestlé Pro Italy,Belgium,Portugal,Hungary,Poland,Czech Republic,Cyprus,Cyprus,Baltics & Balkans & Exports;22,5;381;6,4;67,8;26,9;26,9;7,3;3,8;0,06;0;5,8;281;32,5;0;0;0;1,3;16,7;1,09;180;5,13;0;0;0;0;1160;11,6;0;0;0;0;EUR;263,0824156
CP_234;RTE;FITNESS Delice Red Fruit;Italy & Malta,France,Switzerland;30;335;6;64,2;23,9;23,9;2,5;0,5;0;0;5,2;220;42;0;0;0;1,13;11;1,18;127;4,27;0;0;0;0;491;10,7;0;0;0;0;EUR;10,2527348
CP_236;BAR;NESQUIK Delice;France,Romania,Portugal,Poland,Czech Republic,Slovakia,Italy & Malta,Spain;23;400;5,7;63,7;33,5;33,5;11,4;4,9;0,14;0;4,5;170;23,7;5;0;0;1;12,3;1,1;190;4,79;0;0;0;0;1555;15,4;0;0;0;0;EUR;163,4519311
CP_237;RTE;"KOKO KRUNCH ""ALL IN ONE""";Philippines;35;374;7,4;78,7;35,1;35,1;3,2;1,3;0;0;5,7;187;27,6;0;0;0;1,25;14;1,5;175;3;0;0;0;0;342;13,6;0;0;0;0;AMA;574,9579962
CP_238;RTE;Oats by CHEERIOS – Original;Turkey,Poland,Romania,United Kingdom,Hungary,Czech Republic,Baltics & Balkans & Exports,Poland,Ireland,Bulgaria;30;385;10,6;69,7;22,6;22,6;5,2;0,9;0;0;8,5;277;74,2;0;0;0;1,23;14;1,31;204;5,1;0;0;0;0;548;14,5;0;0;0;0;AMA,UKA,EUR;416,5684852
CP_239;RTE;Oats by CHEERIOS – Cinnamon;United Kingdom,Poland,Romania,Hungary,Czech Republic,Baltics & Balkans & Exports,Bulgaria,Ireland;30;385;10,6;69,7;22,5;22,5;5,2;0,9;0;0;8,5;276;73,9;0;0;0;1,23;14;1,3;203;5,09;0;0;0;0;548;14,5;0;0;0;0;EUR,UKA;468,9794435
CP_240;RTE;MILO Protein Clusters;Australia;45;420;12,2;61;26,5;26,5;12,5;2,1;0,18;0;7,4;56;39,7;5,6;22;1,22;0,95;5,5;0,89;200;0;0;0;0;4,8;442;6,7;4;0;0;0;UKA;131,667771
CP_241;RTE;Corn Flakes - Chocolate;Poland,Baltics & Balkans & Exports,Romania,Spain,Portugal,Czech Republic,Hungary,Slovakia,France,Bulgaria,Ukraine;30;394;6;81,6;28,3;28,3;3,9;1,7;0,02;0;4;522;0;0;0;0;1,16;15,1;1,07;167;4,54;0;0;0;0;0;0;0;0;0;0;EUR;656,9797573
CP_245;RTE;FITNESS & Yoghurt;Russian Fed.,Kazakhstan,Azerbaidjan,Russia exports (Georgia, Armenia, Belarus, Uzbekistan);30;384;8,9;71,2;18;18;7;5,2;0,05;0;6,8;393;79,9;0;0;0;1,17;12,8;1,37;163;4,56;0;0;0;0;575;7,88;0;0;0;0;EUR;163,661419
CP_248;RTE;CHEERIOS Honey;Israel;30;373;7,5;77;33,3;33,3;2,5;0,5;0;0;6,5;569;64,3;2,58;44;0;0,97;12,6;1,02;165;3,88;0;0;0;0;576;12,3;0;0;0;0;EUR;161,8778613
CP_249;BAR;FITNESS Delice Dark Chocolate;Nestlé Pro Italy,Spain,France;22,5;383;6,2;66,4;24,8;24,8;8,1;4,2;0,02;0;6,5;268;30,5;0;0;0;1,36;14;1,4;200;5,4;0;0;0;0;1135;13,2;0;0;0;0;EUR;81,96984311
CP_252;RTE;OAT CRISP Almond;Chile;30;371;9,7;67,1;19,5;19,5;7,1;1;0,01;0;9,4;215;73,7;0;0;1,05;1,3;15;1,35;200;6,32;0;0;0;0;818;11,7;11;0;0;0;LATAM;120,056244
CP_253;RTE;OAT CRISP Raisin;Chile;30;348;8,4;69,9;22,2;22,2;3,7;0,8;0;1,1;8,7;201;72;0;0;0,99;1,1;14;1,3;180;6;0;0;0;0;900;11,7;10;0;0;0;LATAM;88,258023
CP_255;RTE;LION Wild;France,Germany,Spain,Belgium,Austria,Malta;30;421;6,7;66,6;26,8;26,8;13,1;2,1;0,15;0;5,2;361;27,9;0;0;0;1;9,3;1;106;3,65;0;0;0;0;1080;9,6;0;0;0;0;EUR;1083,828622
CP_258;GRA;FITNESS Protein Granola Honey;Denmark;45;414;13,5;65,1;22,3;22,3;9,6;1,8;0;0;6,3;131;64,8;0;0;0;0;0;0;0;0;0;0;0;0;0;0;0;0;0;0;EUR;19,1093364
CP_259;RTE;CRUNCH MAX;France;30;427;7,8;63,3;22,1;22,1;14,5;1,8;0,41;0;5,6;157;27;0;0;0;1,15;10,8;1,17;124;4,24;0;0;0;0;1030;11,4;0;0;0;0;EUR;214,4600448
CP_260;RTE;KOKO KRUNCH Duo;Malaysia,Singapore,Bangladesh;30;383;7,9;76,8;30;30;4,9;2,2;0;1,5;5,2;121;31,5;0;0;0;1,6;18;2;200;6;0;0;0;0;626;14;0;0;0;0;AMA;328,9608
CP_261;RTE;MILO;Nigeria,Ghana;30;390;9,3;75,1;29,8;29,8;4,6;1,8;0,03;0,1;5,5;108;31,9;3,66;0;1,06;1,53;16,1;1,46;209;6,37;0;0;0;0;622;10,7;0;0;0;0;AMA;276,4528141
CP_262;RTE;FITNESS CHOCOLATE;Chile,Colombia,Dominican Rep.,Ecuador,Trinidad,Tobago,Caribbean,Bolivia;30;369;8,6;68,3;17,2;17,2;6,8;4,5;0,01;0,1;10,4;294;43,5;0;0;0,93;1,06;13,7;1,27;161;6,52;0;0;0;0;569;12;11;0;0;0;LATAM;200,8277224
CP_263;BAR;FITNESS Natural bar;Italy & Malta,Portugal,Romania,Mexico,Nestlé Pro Italy,Italy & Malta,Colombia,Russian Fed.,Switzerland;23,5;379;6,1;66,7;20,7;20,7;7,2;3,4;0,06;0;6,5;335;36,2;0;0;0;1,4;17,4;1,48;188;5,28;0;0;0;0;809;11;0;0;0;0;LATAM,EUR;241,045061
CP_264;BAR;FITNESS Strawberry bar;Russian Fed.;23,5;379;5,9;67;22,6;22,6;7,3;3,4;0,06;0;6,1;320;55,6;0;0;0;1,4;14,5;1,4;200;5,2;0;0;0;0;798;12;0;0;0;0;EUR;2,19699996
CP_265;BAR;Muesli Chocolate Banana;Poland,Hungary,Baltics & Balkans & Exports,Romania,Czech Republic,Bulgaria,Slovakia;35;407;5,6;64,5;22,3;22,3;12;6,2;0,08;0;3,8;120;31,2;0;0;0;0;0;0;0;0;0;0;0;0;0;0;0;0;0;0;EUR;64,8826689
CP_266;BAR;Muesli Chocolate;Poland,Baltics & Balkans & Exports,Hungary,Romania,Czech Republic,Slovakia,Bulgaria;35;401;6,4;65,3;23,4;23,4;10,6;4,7;0,09;0;4;141;32;0;0;0;0;0;0;0;0;0;0;0;0;0;0;0;0;0;0;EUR;91,68247368
CP_267;BAR;Muesli Cherry;Romania,Poland,Hungary,Baltics & Balkans & Exports,Czech Republic,Slovakia;35;377;5,9;67,6;21,3;21,3;7;2,5;0,04;0;4,3;82;36,6;0;0;0;0;0;0;0;0;0;0;0;0;0;0;0;0;0;0;EUR;62,43434064
CP_268;BAR;Muesli Strawberry;Poland;35;377;6;67,7;21;21;7;2,5;0,04;0;4,5;82;36,9;0;0;0;0;0;0;0;0;0;0;0;0;0;0;0;0;0;0;EUR;2,52
CP_269;RTE;NESQUIK;Morocco,Nestrade,Algeria,Iran;30;369;8,4;75,8;24,9;24,9;1,7;0,6;0;0;8,7;177;51,4;2,5;0;1;1,3;14,9;1,35;185;5,5;0;0;0;0;474;10,4;0;0;0;0;EUR,AMA;475,0650299
CP_271;GRA;CINI MINIS Granola;France,Mexico,France,Switzerland,Caribbean,Jamaica,Trinidad,Tobago,Dominican Rep.,Belgium;45;416;7,7;72,2;22,1;22,1;9,5;1,1;0,06;0;5,2;235;52,1;0;0;0;0;0;0;0;0;0;0;0;0;393;0;0;0;0;0;LATAM,EUR;141,2340008
CP_272;GRA;SHREDDIES MAX Granola;United Kingdom,Ireland;45;404;13,4;66,8;18,9;18,9;7,5;0,9;0;0;7,7;157;73,9;0;0;0;0;0;0;0;0;0;0;0;0;0;0;0;0;0;0;UKA;217,2732016
CP_273;GRA;SHREDDIES MAX Cranberries Granola;United Kingdom,Ireland;45;403;13,4;67,9;19;19;7;0,8;0;0;7,1;156;66,3;0;0;0;0;0;0;0;0;0;0;0;0;0;0;0;0;0;0;UKA;150,4888056
CP_274;RTE;SHREDDED WHEAT Rye & Quinoa;United Kingdom,Ireland;40;373;10,6;71,8;15,3;15,3;2,5;0,5;0,01;0;10,2;68;87,8;0;0;0;0;0;0;0;0;0;0;0;0;0;0;0;0;0;0;UKA;106,9098113
CP_275;RTE;SHREDDED WHEAT Spelt & Barley;United Kingdom,Ireland;40;373;10,7;71,8;14,8;14,8;2,4;0,5;0;0;10,3;66;88,6;0;0;0;0;0;0;0;0;0;0;0;0;0;0;0;0;0;0;UKA;150,139834
CP_276;GRA;FITNESS GRANOLA Cranberries and Pumpkin Seeds;Portugal,Italy & Malta,Philippines,Italy & Malta,Philippines,Spain,Portugal,Spain,France,Turkey,Turkey,China,Portugal,Greece,Utd.Arab Emir.,China,Saudi Arabia,Mexico,Utd.Arab Emir.,Saudi Arabia,Malaysia,Colombia,Poland,Mexico,Peru,Poland,Malaysia,Poland,Colombia,Guatemala,Kuwait,Taiwan,Israel,Dominican Rep.,Dominican Rep.,Israel,Peru,Thailand,Kuwait,Germany,Taiwan,Israel,Greece,Germany,Panama,Finland,Lebanon,Singapore,Thailand,Lebanon,Singapore,Caribbean,France,El Salvador,Costa Rica,Finland,Jamaica,Jamaica,Chile,Ecuador,Nicaragua,Ecuador,Caribbean,Trinidad,Tobago,Trinidad,Tobago,Chile,Guatemala,Denmark,Panama,El Salvador,Costa Rica,France,Nicaragua,France;45;398;10;66,8;19,5;19,5;10;1,4;0;0;6,7;121;61,3;0;0;0;0;0;0;0;0;0;0;0;0;422;0;0;0;0;0;AMA,LATAM,EUR;2363,131689
CP_277;GRA;FITNESS Granola Honey - Mulder Reference: KRMB_OLYMPUS_CALC_HOSUN_H;Honduras,France,Greece;45;410;8,9;68,7;22,9;22,9;9,6;1,8;0;0;6,4;86;66,1;0;0;0;0;0;0;0;0;0;0;0;0;424;0;0;0;0;0;LATAM,EUR;144,4900442
CP_282;GRA;NESQUIK Granola ;France,Greece,Belgium,Mexico,Denmark,Sweden,Panama,Dominican Rep.,Guatemala,Jamaica,Costa Rica,Caribbean,Trinidad,Tobago,Finland,Germany;45;433;8,1;63,4;21,4;21,4;14,7;1,9;0,1;0;7,4;95;59,2;0;0;0;0;0;0;0;0;0;0;0;0;427;6,9;0;0;0;0;LATAM,EUR;294,4288694
CP_283;GRA;CHOCAPIC Granola;France,Spain,Chile,Portugal,Belgium,Bolivia,New Caledonia;45;431;8,5;64,4;19,4;19,4;14,1;2,1;0;0;6,4;93;53,7;0;0;0;0;0;0;0;0;0;0;0;0;438;0;0;0;0;0;EUR,LATAM,AMA;511,3419536
CP_284;RTE;Oats by CHEERIOS;Malaysia,Singapore;40;368;9,4;67,4;23,1;23,1;6,8;1,4;0,06;0,6;10,8;247;68,1;0;0;0;1,6;18;1,8;225;6;0;0;0;0;450;12;0;0;0;0;AMA;70,73528598
CP_285;RTE;OATS BY CHEERIOS – Cranberry;Romania,Hungary,Baltics & Balkans & Exports,Poland,Czech Republic,Bulgaria;40;382;9,8;70,9;25,5;25,5;4,8;0,9;0;0;8,2;256;68,3;0;0;0;1,2;12,9;1,2;187;4,69;0;0;0;0;505;13,4;0;0;0;0;EUR;98,35296884
CP_286;RTE;CHEERIOS Honey;Brazil;30;355;7;75,2;29,9;29,9;2,9;0,8;0;0;9;344;45,3;0;0;0;0,99;14,6;1,11;220;4,93;0;0;0;0;586;11,4;4,73;0;0;0;LATAM;481,0645404
CP_287;GRA;CLUSTERS Granola - Milk Chocolate;France,France,France,Belgium,Belgium,Greece,Greece,Greece,Belgium,Portugal,Switzerland,Portugal,Switzerland,France;45;424;8,1;67,9;22,3;22,3;11,9;2,7;0,08;0;8,1;127;46,4;0;0;0;0;0;0;0;0;0;0;0;0;425;0;0;0;0;0;EUR;706,6513576
CP_288;GRA;CLUSTER Granola - Dark Chocolate;Chile,Greece,France,Peru;45;423;8,2;67;21,1;21,1;12,1;2,8;0,1;0;8,2;56;44,8;0;0;0;0;0;0;0;0;0;0;0;0;489;0;0;0;0;0;EUR,LATAM;101,7602488
CP_289;GRA;CLUSTERS Granola - Caramel;Greece,Chile,France;45;424;8,2;67,5;21,2;21,2;12,1;2,9;0,08;0;6;191;45,2;0;0;0;0;0;0;0;0;0;0;0;0;433;0;0;0;0;0;LATAM,EUR;71,6569266
CP_290;RTE;NESQUIK Alphabet;Turkey;30;383;7,7;75;27,9;27,9;4;1,7;0;0;7,4;204;44,5;0;0;1;1,29;15,7;1,33;181;5,53;0;0;0;0;487;10,6;0;0;0;0;AMA;192,3665122
CP_295;BAR;NESQUIK Bar - For Germany/Austria;Germany,Austria;25;410;7,5;61;29,9;29,9;12,9;7,4;0,27;0;4,8;198;22,1;0;0;0;1;12,5;1;170;4,42;0;0;0;0;1106;0;0;0;0;0;EUR;138,3911024
CP_296;RTE;ESTREL(L)ITAS - Lower Sugar;Chile,Peru;30;395;7;78,1;16;16;6,1;2;0,03;0;4,7;72;44,1;0;0;1;1,28;14,4;1,61;196;7,47;0;0;0;0;501;10,6;9;0;0;0;LATAM;500,4861371
CP_297;RTE;CHEERIOS Honey Nut - For Israel;Israel,Israel;30;361;7,8;75,6;29,6;29,6;3,1;0,6;0,01;0;7,4;413;68,1;2,62;46;0;0,98;12,9;1,05;180;3,96;0;0;0;0;541;12,1;0;0;0;0;EUR;953,425233
CP_301;RTE;FITNESS Delice Red Fruit;Russian Fed.,Kazakhstan,Russia exports (Georgia, Armenia, Belarus, Uzbekistan);30;325;6,3;64,8;24,5;24,5;2,1;0,4;0;0;5,9;231;43,4;0;0;0;1,18;13;1,37;169;4,68;0;0;0;0;518;7,58;0;0;0;0;EUR;145,9380804
CP_302;RTE;FIBRE 1;Israel;30;210;8;38,6;2,3;2,3;2,6;0,7;0,01;0;44,8;295;48;3;0;0,87;1,16;13;1,17;171;4,8;0;0;0;0;353;7,4;0;0;0;0;EUR;260,5514005
CP_312;BAR;CLUSTERS Dark Chocolate Bar;France,Germany,Greece,Belgium,Portugal,Austria,Switzerland,Cyprus;35;410;6,3;63,5;25,9;25,9;12,2;6,2;0,06;0;6,7;240;38,9;0;0;0;0;0;0;0;0;0;0;0;0;0;0;0;0;0;0;EUR;220,2675989
CP_313;BAR;CLUSTERS Salty Caramel Bar;France,Greece,Germany,Portugal,Belgium,Cyprus,Switzerland,Austria;35;404;6,1;65;26,8;26,8;10,9;5,4;0,07;0;6,4;280;39,4;0;0;0;0;0;0;0;0;0;0;0;0;0;0;0;0;0;0;EUR;155,2170696
CP_314;BAR;MILO Bar - Fortified with Activ-Go Claim;Thailand,South Africa,Colombia,Malaysia;23,5;406;7,5;60,4;29,9;29,9;11,6;6,1;0,1;4;5,5;202;23,4;0;0;0;2,37;22,7;1,94;277;8,23;0;0;0;0;963;17,2;0;0;0;0;LATAM,AMA;215,8301111
CP_315;GRA;CHEERIOS Granola;Mexico,Denmark,Sweden,Panama,Jamaica,Norway,Guatemala,Ecuador,Finland,Caribbean,Dominican Rep.,Costa Rica,Trinidad,Tobago,Greece,Switzerland;45;396;8,2;70;21,8;21,8;9,2;1,1;0,05;0;6,4;140;59,3;0;0;0;0;0;0;0;0;0;0;0;0;469;0;0;0;0;0;LATAM,EUR;115,7530311
CP_316;BAR;FITNESS Cookies and Cream Bar;Israel,Greece,Italy & Malta,Finland,Czech Republic,Baltics & Balkans & Exports,Bulgaria,Belgium,Cyprus;23,5;382;6,4;62,1;21,6;21,6;8,8;5,6;0,09;0;8;280;28,2;0;0;0;1,84;18,1;1,78;226;6,26;0;0;0;0;905;12;0;0;0;0;EUR;239,0892884
CP_317;GRA;NESQUIK Granola;Brazil;45;415;8,1;67;24,9;24,9;12,7;4,6;0,02;0;6,2;359;47;0;0;0;0;0;0;0;0;0;0;0;0;445;0;0;0;0;0;LATAM;268,3571835
CP_318;GRA;CHEERIOS Granola;Brazil;45;410;7,8;68,3;24,9;24,9;11,6;4,1;0,02;0;6,3;396;48,4;0;0;0;0;0;0;0;0;0;0;0;0;426;0;0;0;0;0;LATAM;187,4949475
CP_319;RTE;OAT CRISP Cheerios Mix;Chile;30;367;9,2;72,1;20,8;20,8;4,7;1;0,01;0;7,8;290;71,2;0;0;2;1,3;14,9;1,55;192;7,94;0;0;0;0;806;13,1;12;0;0;0;LATAM;109,8788292
CP_320;BAR; FITNESS Chocolate Bar;Mexico,Chile,Mexico,Colombia,Mexico,Peru,Peru,Peru,Dominican Rep.,Caribbean,Caribbean,Trinidad,Tobago,Trinidad,Tobago,Trinidad,Tobago,Jamaica;23,5;367;5,7;68,5;27,8;27,8;7,7;4,9;0,05;0;5,8;321;21,8;0,23;0;0,81;0,73;9,18;0,86;153;4,23;0;0;0;0;802;7,76;7,15;0;0;0;LATAM;333,4033067
CP_321;BAR; FITNESS Crunchy Caramel Bar;Chile,Mexico,Colombia,Dominican Rep.,Jamaica;23,5;370;5,5;69,7;29,3;29,3;7,6;4,9;0,05;0,9;5,2;325;21,5;0,32;0;0,77;0,7;8,81;0,83;147;4,06;0;0;0;0;706;7,34;6,85;0;0;0;LATAM;123,886513
CP_322;BAR;FITNESS Natural bar;Mexico,Chile,Dominican Rep.,Jamaica;23,5;361;5,8;67,4;20,5;20,5;7,5;3,5;0,07;0;6;387;26,1;0;0;1,02;0,92;11,6;11,6;192;5,32;0;0;0;0;669;9,46;9;0;0;0;LATAM;46,53230225
CP_323;BAR; NESQUIK Bar;Mexico,Mexico,Dominican Rep.,Caribbean,Trinidad,Tobago,Jamaica;25;413;5,2;66;36,6;36,6;12,9;6,7;0,08;2,4;2,7;215;21;2,67;0;0,38;0,42;4,18;0,44;76,9;2,2;0;0;0;0;642;4,87;3,56;0;0;0;LATAM;75,288054
CP_324;BAR;FITNESS Strawberry & Cranberry Bar;Russian Fed.,Greece,Romania,Poland,Kazakhstan,Czech Republic,Italy & Malta,Israel,Baltics & Balkans & Exports,Finland,Russia exports (Georgia, Armenia, Belarus, Uzbekistan),Slovakia,Russia others;23,5;403;6,2;64,6;27,6;27,6;11,3;7,7;0,09;0;5;253;26,3;0;0;0;1,5;15,3;1,41;220;5,66;0;0;0;0;1274;12,3;0;0;0;0;EUR;246,3865437
CP_325;BAR;FITNESS Apricot & Peach Bar;Russian Fed.,Greece,Romania,Poland,Israel,Baltics & Balkans & Exports,Kazakhstan,Russia exports (Georgia, Armenia, Belarus, Uzbekistan),Russia others;23,5;402;6,5;64,2;27,1;27,1;11,2;7,7;0,09;0;5;264;27,9;0;0;0;1,43;14,9;1,33;210;5,6;0;0;0;0;1268;15;0;0;0;0;EUR;196,2116949
CP_326;RTE;OAT CRISP Honey;Chile;30;381;7,9;73,5;15;15;6,1;0,9;0,02;0;5,4;309;58,5;0;0;1;0,9;11,1;1,13;141;5,75;0;0;0;0;937;10,5;9;0;0;0;LATAM;158,4689508
CP_327;RTE;OAT CRISP Chocolate;Chile;30;372;8,9;67,2;15;15;7,5;1,5;0,03;0,1;7,7;379;52;0;0;1;0,8;9,3;0,93;117;4,7;0;0;0;0;1250;13,1;8;0;0;0;LATAM;155,476206
CP_328;RTE;CHOCAPIC Crush;France,Portugal,Spain,French Polynesia;30;426;7,5;62,6;25;25;14,6;3,1;0,19;0;6,2;290;27;0;0;0;0,97;9,2;0,99;106;3,66;0;0;0;0;1159;13;0;0;0;0;EUR,AMA;858,4658017
CP_329;GRA;NESQUIK Granola;Germany,Poland,Hungary,Czech Republic,Austria,Switzerland,Baltics & Balkans & Exports,Switzerland,Slovakia;45;432;9;62,2;21,6;21,6;14,6;2,2;0,1;0;7,7;68;59,5;0;0;0;0;0;0;0;0;0;0;0;0;470;7,01;0;0;0;0;EUR;305,7514953
CP_330;GRA;CINI MINIS Granola;Germany,Poland,Hungary,Austria,Czech Republic,Baltics & Balkans & Exports,Slovakia,Switzerland;45;411;8,2;70,8;20,5;20,5;9,3;1,2;0,06;0;5,7;127;64;0;0;0;0;0;0;0;0;0;0;0;0;410;0;0;0;0;0;EUR;365,2569687
CP_331;GRA;LION Granola;Germany,Poland,Austria,Hungary,Czech Republic,Baltics & Balkans & Exports,Switzerland,Slovakia,Switzerland;45;409;9,7;67,2;25,8;25,8;9,7;2,3;0,07;0;6,6;115;18,2;0;0;0;0;0;0;0;0;0;0;0;0;423;0;0;0;0;0;EUR;383,5128192
